Subdirectory	RGPU
a1ddc914-ffb5-4e43-bc0c-130b88f20aee	Run0246_AC48UDACXX_L4
f46e6195-e5dc-48ef-b590-a51bb6988aa6	Run0290_AC699YACXX_L3
82a6f41f-326a-4bfc-9e8a-d512c7c35cb3	Run0246_AC48UDACXX_L4
6b1892e0-a9ab-4560-98d3-c92fc30f15e8	Run0253_BC4H6AACXX_L2
3ec25b15-0979-4024-a633-7d1a1d5d406c	Run0221_BC3H8JACXX_L6
a3702420-dd4d-4a44-8bbe-7637103597f2	Run0248_AC4D43ACXX_L6
a8dd31a5-24a7-4d6e-9e66-910cc8b940ce	Run0229_BC3N7TACXX_L2
fbe2c87e-8141-4dac-b352-9723f38f33da	Run0292_AC699LACXX_L3
5c068cf8-9ca7-4e6f-9254-9a7f9e5850e1	Run0290_AC699YACXX_L5
21a6d4ee-ee83-4e0a-a7f1-96e640dfe084	Run0247_BC4972ACXX_L5
5cdf9c5d-f08c-4c8e-8b40-f2e256c19d36	Run0257_BC53U3ACXX_L6
78fa3310-1741-4676-ba85-7f713a75d24e	Run0247_BC4972ACXX_L2
8558770e-ed53-444e-b2a7-fe1c50e8acd5	Run0253_BC4H6AACXX_L4
d8344d3f-d708-438c-ac7f-2340eaad76cd	Run0253_BC4H6AACXX_L4
b4ee3da2-135b-41c1-98d6-5902fae95e68	Run0288_AC698EACXX_L2
ec0dd9a3-4052-40d6-87d4-4ba8a805d0f5	Run0231_AC3NBVACXX_L6
91130b07-0a0d-402a-9da3-d6b7a97c4efd	Run0257_BC53U3ACXX_L6
d1a26136-bdf7-46a0-a39b-d91182e0cbe5	Run0248_AC4D43ACXX_L2
dd756d99-1c54-416e-88cb-6fefabfdd84e	Run0208_AC2LDDACXX_L4
953614e0-a299-4e0c-ad1a-683457922b2f	Run0253_BC4H6AACXX_L3
e7e1f639-d4a9-4b54-a2b6-cd69c55d4a28	Run0247_BC4972ACXX_L6
2ff1d00b-8199-446f-bf06-49b6ca9a2241	Run0231_AC3NBVACXX_L6
6778d955-1510-43c8-b83b-4515adbdbd10	Run0253_BC4H6AACXX_L2
2e96437c-469a-495b-8212-739a501c5766	Run0246_AC48UDACXX_L4
ee6a3ec4-2135-4911-948d-33de1553041a	Run0208_AC2LDDACXX_L3
e34aa069-cb69-4a0b-a7aa-02814534c92a	Run0343_AC87WGACXX_L5
3e76207b-7c7a-4195-8c2a-81da049ec983	Run0231_AC3NBVACXX_L7
49c61ff5-01ef-4f53-a2a7-33b9ede7ac55	Run0343_AC87WGACXX_L5
fea54106-63fd-42c1-87a4-6be3cda3c0dc	Run0288_AC698EACXX_L2
ac692348-0057-49d3-b99a-450fe3dabeae	Run0253_BC4H6AACXX_L7
0f1334ee-82f3-427a-9658-19ccd033d8e6	Run0231_AC3NBVACXX_L5
7d9b13ee-f9f0-4329-a721-f9ecc4ecea13	Run0253_BC4H6AACXX_L4
2ab65fdd-c688-47c7-bb52-5ab3c728a2b8	Run0247_BC4972ACXX_L3
79cc80a9-24b1-473c-9327-de26084dc6e8	Run0256_AC53WMACXX_L8
c546dc98-8bc0-468b-bf3a-77ae68ae904f	Run0343_AC87WGACXX_L5
e964b57b-1fb9-48a6-9a50-2b05a5603909	Run0247_BC4972ACXX_L7
8a2e99be-cd25-418c-836b-230d288eef50	Run0231_AC3NBVACXX_L7
5ddaf9c5-7a35-4903-9b04-f65594a10b98	Run0248_AC4D43ACXX_L3
b4c8f3f7-43b6-446f-9708-53205cf6abe5	Run0231_AC3NBVACXX_L7
39bd265b-377b-495c-bf68-7e06b958f901	Run0247_BC4972ACXX_L7
acdb47cc-5c51-49a2-890f-d2a9dda8a8fd	Run0290_AC699YACXX_L5
36ead3f3-d103-4573-a2d6-c8c4e336f84b	Run0224_AC3JF3ACXX_L1
7b736ddc-3b73-4868-be25-b7327847e11c	Run0248_AC4D43ACXX_L5
c5cb6d15-ad65-451c-9581-ae673e158df8	Run0247_BC4972ACXX_L2
a82a0407-471b-4ab1-986b-6ff265624189	Run0246_AC48UDACXX_L6
176f76b8-af87-4a89-8e12-f6f5022e7397	Run0224_AC3JF3ACXX_L5
9b474cb1-39ca-4825-bea0-a52719e3e347	Run0247_BC4972ACXX_L7
47980ba8-9f70-4ff4-8b0f-a99105fd9b70	Run0247_BC4972ACXX_L6
d55957a2-f79e-44e5-bb00-9c9771ab182c	Run0253_BC4H6AACXX_L8
819a878c-83b7-4930-b047-c8a4d8ab438a	Run0253_BC4H6AACXX_L7
3abe37ff-0a0c-42c5-a8f8-4a68aba607c2	Run0292_AC699LACXX_L4
b0d01c6b-4b29-406b-ba7b-648e81b2a8e5	Run0248_AC4D43ACXX_L7
0f12e670-e315-4254-8c58-70dfedf7ba9c	Run0343_AC87WGACXX_L4
9f4c6e77-e658-4561-9f4a-f861332e562d	Run0208_AC2LDDACXX_L3
98d64e85-7e04-48c9-898e-d41b596213ad	Run0231_AC3NBVACXX_L6
1618f49f-25a8-47e0-ba7c-b821ee4ea141	Run0343_AC87WGACXX_L5
1f44fb81-ef91-43ce-acd1-14a56fab0a00	Run0215_BC2NRKACXX_L7
c904bf60-5272-4d13-9f96-fe5e8acef1d6	Run0257_BC53U3ACXX_L7
b1e46353-56aa-42ad-a576-10f6fb5b22a6	Run0248_AC4D43ACXX_L3
ab79c1ef-3428-4850-ae3a-08e68e2c8611	Run0256_AC53WMACXX_L7
a17737e7-5116-4a8f-801d-79d94ed2397f	Run0248_AC4D43ACXX_L2
b4a4b632-2e6d-493f-ba20-729078b386c5	Run0246_AC48UDACXX_L5
e0629ecc-316b-4927-8898-e761a2a667f4	Run0223_BC3JDHACXX_L1
35510783-8eee-457c-94fd-19ceef5779b6	Run0247_BC4972ACXX_L1
544bafee-dbd7-4982-b006-b5f5cf38fac8	Run0221_BC3H8JACXX_L6
b68e4878-9d7d-4b87-944f-67a490530500	Run0292_AC699LACXX_L3
809eebef-6ea5-47ad-abdf-cac9c4382fe4	Run0253_BC4H6AACXX_L6
e2d7788e-4599-449a-99b5-a3e5898e9876	Run0253_BC4H6AACXX_L4
50312c94-6ba6-446b-b01f-480994939d43	Run0247_BC4972ACXX_L2
d38c8812-deec-4a5b-a9d9-4cbcaa791011	Run0248_AC4D43ACXX_L3
2473bf03-5d10-479c-b50c-6e0cd5befa42	Run0215_BC2NRKACXX_L7
bac1d2fd-d513-4e6c-bcc3-86cc5bf87ba9	Run0290_AC699YACXX_L5
83aeff0a-7a29-456d-9ff9-3816018b79de	Run0248_AC4D43ACXX_L2
a8bf10cf-637c-4fc2-b04e-8f3b8b28640d	Run0290_AC699YACXX_L5
5af73f5e-d85b-426a-97ee-2158cd0f7843	Run0196_AC23BRACXX_L5
e539c03c-a76b-4db2-be4a-f00e7b2c0efe	Run0253_BC4H6AACXX_L2
38e5ad86-b69f-4c0f-9a62-623444c7ab1a	Run0247_BC4972ACXX_L6
edfcc699-9f0e-4dd5-834e-603e28796663	Run0292_AC699LACXX_L3
1f8b1aa7-1ccd-4224-a797-7f394e4ba95d	Run0256_AC53WMACXX_L8
bedabe16-fbfa-4707-b0d0-431b1bd4f1b9	Run0253_BC4H6AACXX_L4
b429d239-6454-4e1b-b347-dc289fb5481e	Run0221_BC3H8JACXX_L6
8fb78c99-704e-4a84-ae2b-016559f35dd3	Run0223_BC3JDHACXX_L1
0d2336f5-954a-44d9-9bc6-2f1a03ab51ea	Run0247_BC4972ACXX_L4
ad6bfb6a-72e7-4142-abd7-1ae2b210acdd	Run0290_AC699YACXX_L3
c362cec3-8a57-4fcc-90e7-2a03ca7a733d	Run0231_AC3NBVACXX_L8
c7006888-c508-4a08-a0f3-56355530269e	Run0224_AC3JF3ACXX_L4
872c96bc-63b1-4546-9882-7463a8ca406b	Run0208_AC2LDDACXX_L3
49f44f57-ac24-4b87-a3e7-225a570cbb32	Run0224_AC3JF3ACXX_L3
7cb1c6a2-4a4c-4e4b-a610-ce69784b056a	Run0290_AC699YACXX_L5
730c3dea-8b15-436b-abfe-7ec3c82afe42	Run0223_BC3JDHACXX_L1
d8d8ee5c-7b0f-409b-b11d-e7c5df9002ac	Run0253_BC4H6AACXX_L2
ec02993a-3c08-4004-8a7e-1413e2dff000	Run0253_BC4H6AACXX_L7
df028d09-ea3b-4e1a-b95e-0fbeca8d22d3	Run0247_BC4972ACXX_L2
9637b0e7-6908-4c2e-9faa-2d5449177eff	Run0215_BC2NRKACXX_L7
fb48523e-5ca9-42d3-899d-e53ea0f5f493	Run0257_BC53U3ACXX_L6
292a7f42-8a9f-4064-be49-0e0942d18eb6	Run0257_BC53U3ACXX_L7
27749ee7-83ed-4be8-b731-ccd97b051076	Run0253_BC4H6AACXX_L8
f431037a-db25-42d2-a9fd-0c994851f561	Run0256_AC53WMACXX_L8
83f1f895-07a6-465b-adbf-bde2d0ed4443	Run0248_AC4D43ACXX_L6
6841db46-0e06-4864-843b-a2dc05027b53	Run0248_AC4D43ACXX_L7
625d1d89-e6a0-468b-967a-fe6e4a6a4291	Run0229_BC3N7TACXX_L2
110daf99-067d-4f1c-a2e9-fc69fa37cbff	Run0290_AC699YACXX_L2
ec7c4e0b-9006-46d4-bd09-519db7bd46c3	Run0224_AC3JF3ACXX_L3
271e4bc4-07bb-4e74-bdbd-bab0112db9b4	Run0223_BC3JDHACXX_L2
1779b30e-d87d-4918-bf3a-a9f27d92da29	Run0257_BC53U3ACXX_L7
f4c5afa2-6245-4b7c-b2c4-b604cefa7626	Run0343_AC87WGACXX_L5
35a01316-7604-4919-97d3-e65b6ccac10e	Run0256_AC53WMACXX_L8
8d9b135c-2fa1-4677-85f4-b990376468bd	Run0246_AC48UDACXX_L6
2b9145d8-e577-41d6-af8e-0bb9ba5c84be	Run0229_BC3N7TACXX_L2
08e6b02a-50ea-4ff1-98e1-6f2e554667ae	Run0248_AC4D43ACXX_L4
ebd39e66-2903-4bb6-9efe-19ac247903ce	Run0290_AC699YACXX_L2
cbdcc5e6-ae8b-49f7-8fb0-4e44620918ec	Run0253_BC4H6AACXX_L7
14f65964-0813-40c1-aa27-bee7937100f2	Run0253_BC4H6AACXX_L1
983907fa-e73f-401c-9b3f-7d9a49d0d952	Run0231_AC3NBVACXX_L7
22fdce17-8506-47ad-91dd-88cf5b82cc0a	Run0253_BC4H6AACXX_L3
fe180f52-ad2e-45ea-998b-267106631e51	Run0208_AC2LDDACXX_L2
993251a1-fece-4fcc-8f3f-278a2385445c	Run0224_AC3JF3ACXX_L1
616c9afd-d8b1-46f7-8408-0134d09a2e48	Run0246_AC48UDACXX_L4
c2481821-8b38-419e-ac9a-7ca3da1084c1	Run0223_BC3JDHACXX_L1
4ead9f30-b9d3-42bb-9e9d-420878c5b015	Run0290_AC699YACXX_L3
c6141485-3b03-40e9-9f00-e111febceee6	Run0290_AC699YACXX_L2
51bb728e-3991-4e43-bddf-b0688b447274	Run0208_AC2LDDACXX_L2
de3c01f5-9897-424e-9dfc-989904af874d	Run0247_BC4972ACXX_L5
af9fbdc7-6be3-4dba-86f8-a19066e05380	Run0231_AC3NBVACXX_L8
272dc87c-fe03-4935-aaef-45bd15a8144b	Run0208_AC2LDDACXX_L2
5d962ea6-ab04-4282-a2bc-6e9d69912ecc	Run0257_BC53U3ACXX_L3
d02f28ef-0325-477d-bb21-6b3f9e47a4bb	Run0256_AC53WMACXX_L8
3d2548fc-2e0b-457b-9749-347783a741ef	Run0253_BC4H6AACXX_L4
ab3d5a18-beb1-4939-8059-d907a10bb52d	Run0231_AC3NBVACXX_L8
f4a9f3bd-503c-4a08-84b1-5f2b3050892b	Run0247_BC4972ACXX_L7
bfe8aab3-1d49-4187-9d88-a66290f248aa	Run0253_BC4H6AACXX_L8
45abd7da-8888-4f1a-b15f-295961f14e69	Run0248_AC4D43ACXX_L2
70c6e146-a01a-477a-b6c2-a2c624ce21d5	Run0292_AC699LACXX_L3
fdeb6742-bc95-44a8-8d6f-0d5a66589cbc	Run0247_BC4972ACXX_L1
05eba660-98e2-4b84-8809-44d146df1b32	Run0248_AC4D43ACXX_L4
7c1f6f50-446c-4ef1-93bd-5ac5832c4eaa	Run0253_BC4H6AACXX_L4
287891a3-db78-40cc-9681-cbaa8ce1f959	Run0253_BC4H6AACXX_L7
a8f0ecae-bd76-4478-b83e-f9b0155946eb	Run0221_BC3H8JACXX_L6
2c8124e5-25c5-4baa-b50f-608ebaf887ba	Run0247_BC4972ACXX_L7
1666dd35-b5e3-47a3-a104-a018a455857b	Run0247_BC4972ACXX_L7
54d59fff-a335-4905-8c45-3af5d0cfde24	Run0253_BC4H6AACXX_L1
5389707e-9158-4486-a4cc-5642792c0c07	Run0257_BC53U3ACXX_L3
55f85a63-83c5-45e6-a6b4-d20f344858d0	Run0246_AC48UDACXX_L5
baa14851-4003-45d9-bdfa-767e0bfae409	Run0231_AC3NBVACXX_L8
a2d81f72-9ce9-4539-b7a3-0b6b89836a1c	Run0343_AC87WGACXX_L4
0cfe2626-8234-4d82-ac66-d4919af9c6ea	Run0247_BC4972ACXX_L6
aa37245d-321c-41c4-88be-671d1e8c2e12	Run0223_BC3JDHACXX_L2
e85935ed-a033-4920-a179-259e7b15ac06	Run0256_AC53WMACXX_L8
a68b78f5-db45-4e33-b0c7-c17e6bc67d94	Run0231_AC3NBVACXX_L7
a66283c0-64e8-4eff-9c1e-b3c938390505	Run0247_BC4972ACXX_L2
f3bf545c-53fb-4c00-b554-876a5f919808	Run0196_AC23BRACXX_L5
e3c2141d-2087-4f69-b16d-266d7cd3aa10	Run0248_AC4D43ACXX_L7
4d9d0a88-1a9d-4a93-b847-869860c6e9e2	Run0247_BC4972ACXX_L4
37779231-4148-423f-9186-84420bd03ace	Run0215_BC2NRKACXX_L7
95771a85-5ed6-44b6-b996-d832b6626fd4	Run0253_BC4H6AACXX_L5
7c2ef09d-514b-44eb-b0ce-f23a71b4d738	Run0256_AC53WMACXX_L7
e90fba80-753e-4ae2-b68e-10c3574cb651	Run0246_AC48UDACXX_L4
fc5de60c-7c59-4325-9a76-4148ac07c9ad	Run0223_BC3JDHACXX_L2
d6865853-cbb0-4b23-9cce-bff631e059b2	Run0253_BC4H6AACXX_L2
17dd2902-72ec-4bf7-9cbf-f525522489cd	Run0257_BC53U3ACXX_L2
506dbebc-b721-48af-a152-ce2e9292ed16	Run0246_AC48UDACXX_L4
dd9fdfbb-8562-43ab-86d8-2302a1beb5a9	Run0246_AC48UDACXX_L5
a14b5ef9-ad18-4638-a3d7-272058db212a	Run0208_AC2LDDACXX_L3
40b04735-7065-4f3b-be18-ad202159257c	Run0224_AC3JF3ACXX_L3
edffb868-7fa8-4cef-a2a3-147ace616909	Run0290_AC699YACXX_L2
cf0d41e6-92d3-4824-99ae-4189bc69a90e	Run0256_AC53WMACXX_L7
ac593fcf-5948-4b11-ba78-74a901f3d43f	Run0248_AC4D43ACXX_L3
095e85c4-d6ab-4753-b15e-71e90ed32ae2	Run0290_AC699YACXX_L3
a922b1c5-5bb4-456f-8a5e-e9033dbc4692	Run0231_AC3NBVACXX_L6
9ca57313-33d4-4b31-b340-5b28e9f1091b	Run0253_BC4H6AACXX_L4
b8ed70ee-7a93-4468-a0ae-db50833ade45	Run0231_AC3NBVACXX_L6
afcb9b9f-4fe2-451b-b807-b15d0190e65a	Run0248_AC4D43ACXX_L5
664fe40c-f6ee-4e3e-925f-738a147fc54b	Run0292_AC699LACXX_L3
a8f43e20-38a3-4901-9545-8670584328c6	Run0257_BC53U3ACXX_L7
233f4ce1-9073-46d0-a053-f36e77036f00	Run0246_AC48UDACXX_L4
881359f9-63a2-40fe-ae20-b41f03d48040	Run0343_AC87WGACXX_L5
f72b5280-805e-4d13-9d7a-f3f91e593c0e	Run0248_AC4D43ACXX_L2
a8f3321e-40e7-4dba-b2ac-30659f43e525	Run0246_AC48UDACXX_L5
a152ba95-63d1-4f4b-9497-e4f20512cde5	Run0229_BC3N7TACXX_L2
6a8688b8-9b05-4f24-aba1-3243dc230afd	Run0224_AC3JF3ACXX_L1
e374972e-f96d-450f-a77c-188b36033323	Run0253_BC4H6AACXX_L8
67a52a30-677b-4081-a8cf-ce504d0bc66b	Run0253_BC4H6AACXX_L5
958e5f86-4459-4087-b063-30fa9386442c	Run0248_AC4D43ACXX_L3
5cd87771-6469-413b-b41e-caf9f6b84dec	Run0343_AC87WGACXX_L4
c3cc2565-3783-45d1-8b0f-ef35eb3e78fe	Run0253_BC4H6AACXX_L3
c782fdb7-c2f5-4364-9665-c3650156032a	Run0232_AC3NWRACXX_L7
7e15f1c9-4488-495d-a409-dca37dc8f079	Run0208_AC2LDDACXX_L3
9555a465-c503-4dc0-93a5-3add9874bfb1	Run0248_AC4D43ACXX_L4
35d4f091-dc5f-440e-868b-ed7b4bec6b91	Run0223_BC3JDHACXX_L2
d0cab5c5-8b2d-4e72-af16-d8027fee043c	Run0290_AC699YACXX_L5
32f9d664-670b-4909-b7ec-180de5cd588e	Run0246_AC48UDACXX_L6
3308a767-28f6-4df2-b76f-8d9ff6d1efc7	Run0247_BC4972ACXX_L7
b13465de-6499-4298-acbc-5e2ef5467f59	Run0229_BC3N7TACXX_L2
6a039d9c-84e6-436e-a9e9-bc3bf9d2b486	Run0247_BC4972ACXX_L7
4d753356-7362-4dc5-a711-e328d0b9ac74	Run0246_AC48UDACXX_L5
687906df-5129-420a-8224-5c159e67c04f	Run0290_AC699YACXX_L3
0b70d04c-2be0-4806-9144-2e4a365eda8f	Run0248_AC4D43ACXX_L7
18ba1e12-23d0-4cec-8f78-f092bf071577	Run0215_BC2NRKACXX_L7
67ea2cf2-6327-46b2-b412-26f2d3406ea0	Run0257_BC53U3ACXX_L2
dc625f3f-0481-4547-9b9c-4059043d3a36	Run0248_AC4D43ACXX_L3
89f4d924-275e-4cc1-bef4-1735385d660a	Run0202_AC2KPCACXX_L5
e977745a-ddf3-4922-a10e-c14df2b8515f	Run0292_AC699LACXX_L3
21481f51-5938-4888-94da-3845b1d4953a	Run0247_BC4972ACXX_L5
8020dd7a-cafa-4215-ab3f-d850e4b414be	Run0247_BC4972ACXX_L7
45e95c87-1bc0-43ac-8021-3f3311f04ab4	Run0248_AC4D43ACXX_L2
ad20e8d1-ad0f-4d02-99cc-4ec6c22d7975	Run0224_AC3JF3ACXX_L1
973e3b73-ecc6-4398-81a4-3ff3024cbf6e	Run0253_BC4H6AACXX_L2
e488dd40-5ac7-47f3-95bb-11f4955b5b59	Run0231_AC3NBVACXX_L8
9d6825a7-177d-4708-8f6a-bfc078d3cd03	Run0202_AC2KPCACXX_L5
36905586-5d1f-4eba-b4e1-e5ff65635976	Run0257_BC53U3ACXX_L6
fb27eab1-e670-4572-b57a-f1540f1ae9a1	Run0223_BC3JDHACXX_L2
05ed18fd-8a4a-411c-aae1-8802a3a89dc6	Run0253_BC4H6AACXX_L1
b77aa2a1-f908-4979-9d68-f8a9c5102740	Run0248_AC4D43ACXX_L2
aa4c1eb4-4f00-42be-890c-c7c9a012f19a	Run0253_BC4H6AACXX_L5
62df05f3-65b0-49d2-be87-8cf11bb09b99	Run0247_BC4972ACXX_L7
e7e8621b-5b12-4855-be57-833da7a77a84	Run0229_BC3N7TACXX_L2
2c04658f-0d54-4aeb-a797-ff6189c3ba5b	Run0224_AC3JF3ACXX_L4
f2fbc3d7-fc66-494f-b21b-ded59979a361	Run0208_AC2LDDACXX_L2
a4d60836-495c-4a2c-9947-87b0e76ce3da	Run0257_BC53U3ACXX_L6
66b570da-a95e-4a29-8b55-b933d0a3b06f	Run0253_BC4H6AACXX_L1
af56bbaa-57d5-4871-891e-d8cfe9c5b781	Run0246_AC48UDACXX_L6
61f2344d-1f5f-4031-95ed-8ffa9b531bdd	Run0253_BC4H6AACXX_L7
ccd53e8f-d303-4d18-8b71-963a63907de0	Run0253_BC4H6AACXX_L2
05265c77-c4ba-4fe8-8714-f4c30e91e3da	Run0231_AC3NBVACXX_L7
e87f7076-260e-4488-883b-1c502bad28ad	Run0248_AC4D43ACXX_L7
353ef9ac-54c6-4faa-a030-ef6b7d84b8e4	Run0290_AC699YACXX_L5
b33eca60-3fe2-4a96-a665-5e32dfe2be6b	Run0253_BC4H6AACXX_L4
30904715-cd8d-408f-b676-b98ea5aa82c2	Run0196_AC23BRACXX_L5
f915135d-0d5b-4ed3-9fdf-0411d58eb4e5	Run0215_BC2NRKACXX_L7
bb794216-e5fd-471a-9bde-3b355c524648	Run0231_AC3NBVACXX_L7
e480c6e8-646f-4129-86e0-33e26a989a62	Run0224_AC3JF3ACXX_L2
786d69f7-ef70-468b-b40a-4a99270b4add	Run0343_AC87WGACXX_L5
dbf21200-c98b-4432-8e6e-c1ee99c9cd5b	Run0248_AC4D43ACXX_L2
8a6d8371-d762-48e1-b2f7-fa73c700f393	Run0257_BC53U3ACXX_L7
704bf461-6f25-479d-a6e7-3ced350ab329	Run0247_BC4972ACXX_L4
d26464b7-4daa-4669-ae6b-8754a1da984d	Run0223_BC3JDHACXX_L2
907b6895-3823-43f6-88ee-fcdc3c4c21dc	Run0208_AC2LDDACXX_L2
d182ef6c-d92e-4020-b454-0c5b12529381	Run0246_AC48UDACXX_L4
1beadf8b-8080-48cc-b19f-9a799c409b2b	Run0224_AC3JF3ACXX_L1
83197b60-237b-4aea-bca0-6e78eed7991f	Run0248_AC4D43ACXX_L6
89e49390-5584-4a71-a678-d28285fd1df6	Run0253_BC4H6AACXX_L7
c88c98a6-34b9-4df2-b74e-838bb86d3db2	Run0247_BC4972ACXX_L6
a13c00f1-9213-4e74-a921-cd49d63dd265	Run0248_AC4D43ACXX_L4
88433a25-1e59-483e-a79a-ecc730084fa2	Run0248_AC4D43ACXX_L3
2bb45109-25a0-46a8-a410-5ebb684347e3	Run0224_AC3JF3ACXX_L5
d55a923a-fb41-4a9c-ade9-794388f3c242	Run0247_BC4972ACXX_L8
7bc77f5d-de3d-4418-8fb1-f3c2a38aec29	Run0248_AC4D43ACXX_L7
349ac3ad-1426-4c0d-a73b-1b7d3ac70961	Run0290_AC699YACXX_L3
59b80f85-be9a-4105-99fe-b63e5328f9fa	Run0248_AC4D43ACXX_L5
89697960-fca3-4e53-8fdf-31354f547473	Run0253_BC4H6AACXX_L6
3b436293-0563-458d-8a5e-977e987a99d6	Run0247_BC4972ACXX_L1
4ca1b0c7-3b88-4fff-b722-30b1d85bdf4f	Run0257_BC53U3ACXX_L7
325a7ee2-8e79-4bcc-bd06-0d8788981859	Run0247_BC4972ACXX_L3
aea6956e-2564-4875-b335-bc4a57a2e08a	Run0231_AC3NBVACXX_L5
4fed89d6-2462-4ea5-8778-cfa2a4f8fd5b	Run0247_BC4972ACXX_L5
e976a5c4-40b4-42f7-b7b3-57b0536b9f9d	Run0256_AC53WMACXX_L7
611bc267-af28-4185-9662-4300672ba228	Run0343_AC87WGACXX_L4
946c362f-5760-4b6e-b4a9-0ec81a63b708	Run0229_BC3N7TACXX_L2
744093db-7ff5-4eee-8a8d-7f5512662aed	Run0248_AC4D43ACXX_L5
cbc01733-8d9b-4949-a419-15e9475070f1	Run0247_BC4972ACXX_L4
0333b6ae-3176-41b3-84fb-bf6a9f0ab4f9	Run0257_BC53U3ACXX_L6
9c025809-a9a8-4fe9-a980-0d1273da6b2e	Run0290_AC699YACXX_L5
55652763-9dd9-4f2e-ad6c-b70cb2ac061e	Run0231_AC3NBVACXX_L5
4c30dbc3-e0b9-4c9e-9153-2d2af10a3f55	Run0231_AC3NBVACXX_L8
ff558c8b-4dba-4095-8e97-2359c63b2ebd	Run0247_BC4972ACXX_L1
c538a596-a11a-4527-81ca-7a22da172a3e	Run0248_AC4D43ACXX_L2
7ee694e5-a878-43ae-a841-4494a7beb7ad	Run0248_AC4D43ACXX_L5
f9d37e15-f84f-49de-a2f5-f7682d8b3f0c	Run0248_AC4D43ACXX_L4
12c431c6-e672-434d-9a64-51ae943221b8	Run0253_BC4H6AACXX_L6
1ac2c4d2-22a9-42f4-9490-342c689cca25	Run0248_AC4D43ACXX_L5
57eb45cc-bb50-4438-854d-6a6a191c35c9	Run0290_AC699YACXX_L2
181569a8-3c0a-455c-9445-9164768632cd	Run0290_AC699YACXX_L5
953af492-9ca4-4433-aad4-8dd676b1bcf0	Run0229_BC3N7TACXX_L2
811911ce-3e55-42ee-811d-abdae50a2c45	Run0231_AC3NBVACXX_L6
5c5f71b4-219e-4004-953d-e5a47fb8bdf0	Run0253_BC4H6AACXX_L6
d0279dad-930c-4fa2-a837-5d119c32512f	Run0343_AC87WGACXX_L5
f809abbd-ba1a-4f3d-9866-0cd1f22b8e24	Run0256_AC53WMACXX_L7
c8a51687-e315-4988-a6c6-f7ec97475c9a	Run0224_AC3JF3ACXX_L5
9f77c40e-b665-428a-8155-b102058b96ed	Run0292_AC699LACXX_L4
a7e538ec-bf1f-4e5d-9c2e-1b9447575031	Run0208_AC2LDDACXX_L3
18d68acf-bde1-4187-b935-780db80543ed	Run0253_BC4H6AACXX_L3
7b632606-4bfb-4379-9d80-533668940b26	Run0247_BC4972ACXX_L7
456c27a5-1161-4c50-a45c-5e1e246e1d27	Run0290_AC699YACXX_L2
8d6d5424-a747-4bea-96e8-4654386a9e3a	Run0248_AC4D43ACXX_L4
8fade901-3a50-434a-bfa6-a409fad3f351	Run0248_AC4D43ACXX_L7
3af75741-f5af-462e-92e0-bf91bc9b59a0	Run0288_AC698EACXX_L2
a566ac00-9bd5-44ae-96ec-0b99d2ec703c	Run0224_AC3JF3ACXX_L5
23a146a2-02f1-4d69-a174-79944d1b4872	Run0343_AC87WGACXX_L5
7055bb0a-bcc1-4e9a-95d2-2c04991a8dcc	Run0231_AC3NBVACXX_L6
0f7bcf75-f7e7-4f21-a81f-f48658934f20	Run0208_AC2LDDACXX_L4
ff1b260c-0c5c-42b7-85c4-8ce8fcf81f10	Run0253_BC4H6AACXX_L5
a0f386f6-f4c8-4d10-8182-33a40b64b456	Run0253_BC4H6AACXX_L4
80fd1617-0619-4a0f-9375-08671492b7df	Run0223_BC3JDHACXX_L2
56f24daa-8d3f-4ef9-a92e-589f8c072d4d	Run0196_AC23BRACXX_L5
6ae1f4e7-9529-43de-85f9-aa67a22e0541	Run0253_BC4H6AACXX_L3
85731bef-c357-4459-b9c3-2ca2da5fe961	Run0288_AC698EACXX_L2
5845c2bc-8cb2-45fa-b570-75f3ec6e3743	Run0248_AC4D43ACXX_L4
1b09434c-4c26-4454-9429-2e3fdea99b86	Run0253_BC4H6AACXX_L2
c396efc7-e7e6-4e0f-9f6f-5159fdd86509	Run0253_BC4H6AACXX_L3
9f2cfa20-a47e-41ea-ad92-1e53ff8b40c1	Run0290_AC699YACXX_L2
109b80f8-0271-4e71-9910-c4ef38f96a9f	Run0253_BC4H6AACXX_L4
c3630cc2-ee0a-4468-8bd7-bbbb796a513f	Run0257_BC53U3ACXX_L3
d1655b20-9725-4299-bb7f-8dc30acbed5f	Run0288_AC698EACXX_L2
6a50f8e7-354e-43fe-9d3f-292ad2923bea	Run0246_AC48UDACXX_L4
4bce80f1-12d4-4021-8072-2f84fa890553	Run0203_BC2KF2ACXX_L5
914e1fb4-b86d-49c8-86e6-b25a3dfe8e10	Run0256_AC53WMACXX_L8
f7ace146-0bb7-4afa-a7b6-d71487835fb7	Run0224_AC3JF3ACXX_L1
77b1b02c-0cc8-464b-93dd-3001f7b43250	Run0248_AC4D43ACXX_L5
ee7f555e-80f5-4ad8-9133-1661490c9980	Run0256_AC53WMACXX_L7
09668a37-75f5-4d73-ba0f-eeb1cbdf790c	Run0231_AC3NBVACXX_L7
cc0c0305-97ef-4634-8359-3ff92e0e64ba	Run0208_AC2LDDACXX_L2
2ed05c30-e05e-45b0-bd1b-5b037822279c	Run0215_BC2NRKACXX_L7
2c17a918-8df2-47c5-a377-3a3e1a0340b4	Run0253_BC4H6AACXX_L6
8dcdf96a-46ec-49cd-932e-8df5977de8a0	Run0215_BC2NRKACXX_L7
c2013de2-6988-4326-aa15-2a87ecd3ca5a	Run0253_BC4H6AACXX_L1
6a44a762-26e6-474c-9017-8f6de58e9544	Run0246_AC48UDACXX_L4
f4dddc36-8136-4ac3-a041-4ad770208867	Run0253_BC4H6AACXX_L7
3ecbe33b-708e-49e7-97c8-0154487c50d3	Run0257_BC53U3ACXX_L6
56fb3df0-9f6f-4ca8-9c9b-a7c881bdbd2a	Run0248_AC4D43ACXX_L6
ebe4d4c6-3daf-4605-b10e-bcd0b88b9e3e	Run0231_AC3NBVACXX_L7
23220099-83e1-4874-a93f-505e49b86d80	Run0231_AC3NBVACXX_L8
2c229a09-3f4d-4ae6-b5dd-b89af133a3c3	Run0257_BC53U3ACXX_L3
d08b1627-9a42-4af5-aa0b-126e97be039b	Run0221_BC3H8JACXX_L5
cb7bef48-fd04-453f-a0f4-cb71343fe653	Run0248_AC4D43ACXX_L7
3c6b9e18-ad1d-4171-89b8-18fd6c7bdd8e	Run0224_AC3JF3ACXX_L3
9178d901-0da8-4a55-aaee-10f20f610a99	Run0248_AC4D43ACXX_L3
81b24516-4cc3-43c4-a2cf-927bb33ef7c9	Run0248_AC4D43ACXX_L2
6f3e0c41-9696-499c-a349-b62655648d2b	Run0247_BC4972ACXX_L1
87b7c0e1-424b-4f1d-bfb1-db8a2e8ebc42	Run0253_BC4H6AACXX_L7
1091eb55-4000-45f1-bfe2-3aea1cdbf6cc	Run0292_AC699LACXX_L3
28904049-f138-4aed-bfde-bbb2be55179f	Run0257_BC53U3ACXX_L2
96ee3661-70f6-46fd-8127-0b36590e3919	Run0221_BC3H8JACXX_L6
eddc2e0c-5fc1-4e90-8998-fe41f1b1ddca	Run0223_BC3JDHACXX_L2
fef08d33-67ad-4048-bd97-4c2e5e09f87d	Run0223_BC3JDHACXX_L2
c3cb2eb7-1d02-40ea-9283-b70e7ee84cc5	Run0253_BC4H6AACXX_L8
2d03a24d-e165-4940-84fd-9ab09bf3ec0b	Run0253_BC4H6AACXX_L5
ba87f6ed-9340-41e4-ad76-9cc6b08b57ab	Run0257_BC53U3ACXX_L7
296c6c31-0e41-4f9c-8e15-9b8a84509149	Run0247_BC4972ACXX_L3
c28bc896-114e-430f-ae96-3ccfe14029c6	Run0247_BC4972ACXX_L2
227976fa-171d-4c3e-b7dd-43b0ab765e3d	Run0253_BC4H6AACXX_L1
90c1c080-e9c9-4a17-b723-34b794296025	Run0246_AC48UDACXX_L6
1aa714e9-3837-453c-8f61-65936b49e5c2	Run0232_AC3NWRACXX_L7
05a566ec-183f-4d74-a437-38db9c21eddd	Run0208_AC2LDDACXX_L4
5acddd21-b07a-40d1-923b-47f83b9d0258	Run0343_AC87WGACXX_L4
083563b9-8f55-4df2-965b-84292543ca35	Run0246_AC48UDACXX_L6
045ecbc8-d555-4717-a1d0-fc47a58d32f1	Run0203_BC2KF2ACXX_L5
ec6674b6-8547-45b6-82fa-98f4f811ccce	Run0215_BC2NRKACXX_L7
4ace6801-36cb-4a75-9214-a5e77b9d8b70	Run0247_BC4972ACXX_L5
535d511d-e82e-4e3a-aa09-e5cb5e315e08	Run0253_BC4H6AACXX_L1
e05f04b6-0feb-45bf-bbd3-27f45ff9fbcb	Run0253_BC4H6AACXX_L8
570401fe-34df-4466-ba73-3616c14073a7	Run0221_BC3H8JACXX_L5
ec5e3707-312a-45bc-9a23-85386418b9c8	Run0257_BC53U3ACXX_L7
e52c99c3-e81d-48a9-b908-9d037ab958b7	Run0253_BC4H6AACXX_L7
549c2eb3-a9c0-476f-9ce2-7aedc3409c92	Run0257_BC53U3ACXX_L7
c1619b51-7d5d-44d0-aef8-34e8db7c871b	Run0253_BC4H6AACXX_L3
0e6e365b-0975-49c9-9d7b-c94fc6968dbd	Run0248_AC4D43ACXX_L7
8ff8851a-f628-4f5a-af53-6d830ebe9861	Run0257_BC53U3ACXX_L2
737d946f-2185-456e-b2cc-fcefdfd8799d	Run0223_BC3JDHACXX_L2
94502846-00bb-4491-b70a-ccb14efc7536	Run0247_BC4972ACXX_L3
b57d4c2a-a79f-419a-a5b8-df81ad7004a3	Run0246_AC48UDACXX_L5
e8a70e36-9f3f-4a8d-a886-e74f4ca4f979	Run0248_AC4D43ACXX_L6
81274ece-5723-484f-98ef-d55eca2eacc8	Run0253_BC4H6AACXX_L1
83f21af5-d747-4933-9ad2-1a9f24002687	Run0203_BC2KF2ACXX_L5
851f1678-55d0-4c3f-9d15-765e665d04d0	Run0208_AC2LDDACXX_L3
79bd8483-b140-4a28-8c1a-294dea20fbfa	Run0292_AC699LACXX_L3
41670d29-0a12-4943-9c66-0cdca39d1df1	Run0246_AC48UDACXX_L4
099d6c37-f1ba-4da3-8d50-632c7f26b5d5	Run0224_AC3JF3ACXX_L5
55fd157e-e6b9-4fd4-bd08-91320d2715e9	Run0202_AC2KPCACXX_L5
0420317d-f252-4be5-bb0b-c4e1a3b84086	Run0253_BC4H6AACXX_L2
c6185997-56b9-4823-a4d6-a2e012b3bb86	Run0224_AC3JF3ACXX_L2
7a530e03-0b98-4e74-beb3-a3659020e02e	Run0202_AC2KPCACXX_L5
ca00fc9c-c9b2-4314-9acd-663301df2d83	Run0221_BC3H8JACXX_L6
0b58e5b4-7fa6-498b-b2ed-ade979efbc7f	Run0253_BC4H6AACXX_L1
eecbfcf5-40a8-4bdb-a706-0901fa2d7699	Run0292_AC699LACXX_L4
94a81a79-1dd6-40db-b09a-86ed05d581ba	Run0292_AC699LACXX_L3
08ef5236-fe3c-435f-acb2-c03989eec3ae	Run0246_AC48UDACXX_L4
f6c24f36-f4f2-44a4-a3d4-7d986cc11f60	Run0253_BC4H6AACXX_L3
255f28fb-f308-4241-9edd-c2063c4e0b4f	Run0232_AC3NWRACXX_L7
a0bef372-d524-498f-91b9-444a325f6a0d	Run0253_BC4H6AACXX_L6
e60d423f-19d8-462c-8ef3-c9a178b2c61e	Run0247_BC4972ACXX_L8
405f67ea-5ce7-4280-b28d-e3e1d19e57ce	Run0246_AC48UDACXX_L4
0935f87a-a85d-4d5a-92ec-84ec74dea8b7	Run0292_AC699LACXX_L3
68d32493-3005-4134-8def-cec48bf655cc	Run0223_BC3JDHACXX_L2
949fc158-2378-4247-a101-31f569af723a	Run0248_AC4D43ACXX_L5
d97c6285-9ed9-42e2-ba56-571104e597cb	Run0288_AC698EACXX_L2
e595dcae-8d49-4054-a0c8-f0c1f50b239f	Run0257_BC53U3ACXX_L2
58d6df6f-fd15-418d-a38a-73c8d3c799d7	Run0247_BC4972ACXX_L5
88406de0-17b4-4362-87af-c118996c2e7a	Run0290_AC699YACXX_L5
bf59fe33-30fe-4bfe-ae94-3c14a7f99fb7	Run0253_BC4H6AACXX_L4
c7b30a0c-a34e-41d1-a3e3-ecad2cff8c61	Run0247_BC4972ACXX_L2
151fa1d3-8307-480f-aa41-9913a57218f5	Run0221_BC3H8JACXX_L5
90909501-7570-44e2-bffb-33f40fda6ca5	Run0248_AC4D43ACXX_L2
3edf6b8e-9347-48ad-9946-4d9eb65a7e4c	Run0247_BC4972ACXX_L4
920d568d-ea86-429c-b177-156a00f86c98	Run0224_AC3JF3ACXX_L4
ff10d6be-9589-41da-8134-8da32cceb470	Run0257_BC53U3ACXX_L7
ec4788ee-4f79-4303-96ca-dbbb4b23a00e	Run0221_BC3H8JACXX_L6
bb080503-b575-4ede-a08c-38f3f0451645	Run0202_AC2KPCACXX_L5
dfe47e91-dfad-4801-9062-b755f3182f23	Run0224_AC3JF3ACXX_L4
8d3d33ba-0d44-4c6c-856b-c75f933a1072	Run0231_AC3NBVACXX_L6
68103454-89d1-414d-982a-f06d254bf38e	Run0223_BC3JDHACXX_L1
3897cfe1-4231-4be0-8571-a15310e1be3c	Run0247_BC4972ACXX_L7
99dfa7cf-ed3a-4ba9-a460-296b87abc2a1	Run0256_AC53WMACXX_L8
007729b6-ac3a-4a9d-a481-c592a1a9a20e	Run0248_AC4D43ACXX_L7
3f968d9c-458d-46c8-92ff-71129fd686ce	Run0247_BC4972ACXX_L3
3cf52a75-671a-4681-b6ea-058fe7c6c1fb	Run0253_BC4H6AACXX_L4
1f41c941-5876-4851-8d52-9f206959587e	Run0246_AC48UDACXX_L4
2c4f76a6-c5ca-4cb4-9d98-eccecb2f71ee	Run0253_BC4H6AACXX_L8
bf4fd8a3-dde4-4077-b1f0-73c41d2aea3e	Run0224_AC3JF3ACXX_L1
c2a6c04a-4437-4fdf-95e2-7a3e7754d759	Run0248_AC4D43ACXX_L5
1213adb8-de3b-44e6-b513-f56532d62e6b	Run0247_BC4972ACXX_L2
361f414a-741c-4210-94a4-a76966e00755	Run0253_BC4H6AACXX_L4
a038f508-74aa-4426-88aa-358482251a22	Run0253_BC4H6AACXX_L3
393bb1e1-64bd-43a6-a009-e34e1b5097f3	Run0257_BC53U3ACXX_L3
89ae9c7b-01fa-4840-ba1b-ff5c20a5d3cb	Run0232_AC3NWRACXX_L7
3a101f88-a899-41c2-8d56-7d1cc5359e92	Run0248_AC4D43ACXX_L7
782c4254-8d9e-4ea9-b989-5cb450dfc98e	Run0288_AC698EACXX_L2
5f1061c3-698d-4719-a09a-48a016ad2701	Run0292_AC699LACXX_L3
fcc23caa-d3b9-4e92-b043-9bee932a8d05	Run0256_AC53WMACXX_L7
10cc0852-9f80-4c83-9abb-9f6f6ca3d2b3	Run0221_BC3H8JACXX_L5
2f4683ef-630c-429f-9f70-5563a3e93f47	Run0343_AC87WGACXX_L4
2450290f-a51f-47a8-ac78-ee89b816123a	Run0253_BC4H6AACXX_L1
006094d6-d9bd-4ce9-af7e-8f1455146c4f	Run0248_AC4D43ACXX_L2
05f5a4ca-487c-4311-9f98-24e039a01ab6	Run0290_AC699YACXX_L5
d40a9aad-231e-427c-b3fb-ff210b6f73e6	Run0229_BC3N7TACXX_L2
b18e96b5-dfab-4e09-aa28-04615bcf11fd	Run0247_BC4972ACXX_L3
154cd729-becb-4286-8579-a14d69a15cf4	Run0343_AC87WGACXX_L4
80d23502-0af7-43e7-9db8-071acf1178a5	Run0232_AC3NWRACXX_L7
9df5fa1c-ea6a-459d-bcd1-07da51289577	Run0288_AC698EACXX_L2
2175aadf-e8d7-4753-8058-f3f881fe05a3	Run0223_BC3JDHACXX_L1
03141d59-b573-4f4b-98fe-15277927b13e	Run0215_BC2NRKACXX_L7
88b80410-cb3d-4b01-9270-8799b06895e7	Run0231_AC3NBVACXX_L6
37839283-b26f-4505-816b-5a5010578d94	Run0257_BC53U3ACXX_L2
4811c94b-ec9a-49f6-ae13-6de603bfacff	Run0253_BC4H6AACXX_L3
86574cfd-838e-4002-a7eb-e7a1004b6a40	Run0257_BC53U3ACXX_L3
42c75888-f3ee-4272-ae2c-8d5e8d4bd3fe	Run0203_BC2KF2ACXX_L5
895f337f-17e8-44eb-be84-bb35083811bd	Run0246_AC48UDACXX_L6
bd317e66-92a1-4808-9011-ca69d6256706	Run0224_AC3JF3ACXX_L2
daf084b0-ca98-4ea6-9d7f-f793df5173ac	Run0290_AC699YACXX_L3
5ebc4c96-ff29-4bbb-b841-9266fa8867e5	Run0253_BC4H6AACXX_L7
073beefe-95a4-4b8f-b6b7-4b8fbecc1830	Run0248_AC4D43ACXX_L7
a446e6ce-5567-4e4e-b59c-51c9723ce3ae	Run0215_BC2NRKACXX_L7
60592f7d-3a30-4fae-945d-61749e6bedda	Run0253_BC4H6AACXX_L7
03390096-dc0a-43e0-ad01-9c16ad353181	Run0247_BC4972ACXX_L3
6aa8100f-24df-4525-ad9b-c24f22a31abe	Run0248_AC4D43ACXX_L6
027ff6ef-8f39-4d12-9d19-6ada426e5b9c	Run0257_BC53U3ACXX_L2
9f4d5a4b-0df7-4e93-8b21-cedb6adb6db7	Run0253_BC4H6AACXX_L8
c3eda7f3-7515-4281-8af2-edf85f2b888f	Run0224_AC3JF3ACXX_L1
e95a0be5-c1d7-4031-b544-1bac687cd70f	Run0253_BC4H6AACXX_L2
8a218de5-bc17-41fa-9134-122ed032ec71	Run0246_AC48UDACXX_L4
937d5c82-b9f9-4b4c-9647-63d34ef19edc	Run0208_AC2LDDACXX_L4
84b400ad-5b95-47b4-8e10-ef03921d1601	Run0253_BC4H6AACXX_L4
102de57f-900e-4e33-a0ff-7009d09421e1	Run0247_BC4972ACXX_L7
d2756137-07e8-449c-a318-d5bdf3576518	Run0208_AC2LDDACXX_L3
327a7dda-109c-4985-a8dc-ab2c52db57a9	Run0257_BC53U3ACXX_L2
68202f61-4bca-4590-b6b4-5cad91760969	Run0224_AC3JF3ACXX_L2
6699c1c5-faf3-4e0a-a8ee-793e5e557228	Run0247_BC4972ACXX_L7
e2903637-b92c-4f25-8421-c47d11efc218	Run0253_BC4H6AACXX_L1
89c57a6f-7b25-44f6-bf9f-7388037ab122	Run0231_AC3NBVACXX_L7
90605116-8e3e-4f44-93ba-dfae5f84e349	Run0248_AC4D43ACXX_L3
9a806e0e-72b8-48db-9efa-5e031c7af7af	Run0247_BC4972ACXX_L8
e61ec09c-4603-4034-b28b-df67ea2e10d8	Run0246_AC48UDACXX_L4
7f499474-93d3-44e3-88ff-c9e37572c4c3	Run0224_AC3JF3ACXX_L5
5bb3fe61-47f7-4044-9692-4f2bb615b54d	Run0248_AC4D43ACXX_L2
ca42f4e9-6db5-462f-b864-f0f50c39688b	Run0248_AC4D43ACXX_L5
15a442fd-6ae0-439e-b004-32763cc4fb3a	Run0248_AC4D43ACXX_L4
a7622fed-e474-44b8-9a66-0a7536db4174	Run0248_AC4D43ACXX_L2
e67e5ee5-5227-4081-85ed-63ff2f45b9dd	Run0247_BC4972ACXX_L1
21ec14d9-83b4-4a6c-97d5-cf61d4f6779f	Run0202_AC2KPCACXX_L5
ae6c71d8-00fd-4fa8-a8eb-be3eaeec9de0	Run0248_AC4D43ACXX_L7
947a4eb4-9ff9-423e-add9-4136b5392d51	Run0208_AC2LDDACXX_L4
5cc4ae06-5e43-4fe6-b51d-0e0eac2fd616	Run0229_BC3N7TACXX_L2
fc9c224f-91c1-4b74-b435-ac5279d71670	Run0223_BC3JDHACXX_L2
f7a17820-fadd-4795-a364-6957c7ba8784	Run0248_AC4D43ACXX_L5
7504408e-1d7b-4174-86aa-cef171c9ae89	Run0203_BC2KF2ACXX_L5
706620ee-26ec-49e3-9fef-122e5ecbcf7d	Run0292_AC699LACXX_L4
019dfd3a-5543-4408-9bb9-452c54d6766b	Run0215_BC2NRKACXX_L7
0edd4104-6b81-4d85-b86e-0fdf257b49f3	Run0247_BC4972ACXX_L4
58225958-83ad-433d-a4d8-6ad35f1718b2	Run0257_BC53U3ACXX_L3
68d9e8d2-d386-4504-8ce9-2e7f518c92e1	Run0248_AC4D43ACXX_L7
d7b168e2-4c1d-408d-b379-bc0dbf23f9a8	Run0246_AC48UDACXX_L4
1fbba0a5-4b06-4554-a69a-9bbc3f1f5092	Run0248_AC4D43ACXX_L2
c6902fff-33ca-4fe4-a180-3236871f9bac	Run0223_BC3JDHACXX_L2
337b3d4f-0bd4-47c7-9667-95e686d852ee	Run0256_AC53WMACXX_L7
e6c58633-8af8-408f-b7b5-4e16ce6488d2	Run0247_BC4972ACXX_L8
054da75e-199f-4b6f-bf54-96a304528672	Run0224_AC3JF3ACXX_L1
11defe28-a378-4f94-b376-5a44628d1a7d	Run0292_AC699LACXX_L3
a54b6432-a30c-4422-bec0-40fc1aa90145	Run0256_AC53WMACXX_L7
53f1e3f5-0af6-4c05-a05b-fab5160fcec5	Run0247_BC4972ACXX_L6
1aec7160-1335-4fda-ab2e-29f384731e88	Run0256_AC53WMACXX_L7
abb05158-3101-4774-9cea-9759d39c44db	Run0246_AC48UDACXX_L6
61c1b2ff-b069-49e2-af76-4d386be00e41	Run0247_BC4972ACXX_L6
88ace284-4917-4726-9b10-42c96d206ab5	Run0223_BC3JDHACXX_L1
eb5f2e07-77ff-493f-820e-faa07502396a	Run0223_BC3JDHACXX_L1
a2986447-0ef1-4dfa-999c-c0e9f76d20b2	Run0253_BC4H6AACXX_L7
6b3c17db-2c94-4029-baae-e8b25648db34	Run0247_BC4972ACXX_L8
e34a88d3-f5bc-4f44-8c83-3a9fd85a83b4	Run0246_AC48UDACXX_L4
779f56ef-3b4d-4b69-9674-a977cb9da7cf	Run0208_AC2LDDACXX_L4
c20946af-31f1-489b-80b1-6ee9bfd88bbd	Run0223_BC3JDHACXX_L2
2ad214a4-c6aa-47e7-a5c2-dd2fe8aa52a9	Run0224_AC3JF3ACXX_L4
d0041c46-2e4e-43aa-bd9f-cf9013774893	Run0247_BC4972ACXX_L7
e5495cbc-8095-456d-a839-95edafa58bc3	Run0257_BC53U3ACXX_L7
cc2bd214-6315-478d-be62-794d0db8e626	Run0253_BC4H6AACXX_L2
de70f1d4-3128-4e4b-aabc-92403a9f029c	Run0247_BC4972ACXX_L8
f872bf25-b1fd-4cab-ae52-dff75f2cbb08	Run0202_AC2KPCACXX_L5
bb611837-63a7-410c-85d6-f4ba4cac8642	Run0253_BC4H6AACXX_L8
09c85817-1652-49cf-93ae-5840ff6ea1c8	Run0223_BC3JDHACXX_L2
b2078fd4-e1d9-4752-bed4-4a9d6c123f12	Run0290_AC699YACXX_L5
2c84790f-3011-4105-ba55-a3dd51be9a30	Run0257_BC53U3ACXX_L7
04223f4e-6fc3-426c-97cf-3faad68bb1ad	Run0253_BC4H6AACXX_L7
0287d883-1886-4149-b832-d4e2b477991d	Run0290_AC699YACXX_L3
decf542c-f69d-410d-b3bf-d21ade5c4c41	Run0246_AC48UDACXX_L5
70d1b839-c66c-4cda-8add-55b1ab8369ff	Run0256_AC53WMACXX_L8
a72db7bc-1727-452d-8979-1740ed7a4974	Run0246_AC48UDACXX_L5
94cf12b5-2907-480d-b284-b057fe99e920	Run0221_BC3H8JACXX_L5
8bf6d927-b616-4e8a-ad62-01877e9ef18f	Run0256_AC53WMACXX_L7
31899f89-1c70-41da-a987-b1c2beecc81c	Run0248_AC4D43ACXX_L7
b24c23ee-4bfb-4888-af60-a8e95e8398ba	Run0253_BC4H6AACXX_L8
202cccfe-2d8d-4a15-8b76-51786b40571e	Run0224_AC3JF3ACXX_L2
b0fad385-baa9-47af-b1d5-4df90dce3798	Run0231_AC3NBVACXX_L7
58968cde-c3fd-4718-a465-9bdf5356796f	Run0248_AC4D43ACXX_L4
5a9cb081-c477-4dd2-a935-b608743b0f9f	Run0208_AC2LDDACXX_L2
aaf5cb70-0c55-46ff-8883-39030d4f7fab	Run0223_BC3JDHACXX_L1
52f1683f-fc21-41d4-b677-ef65680b563a	Run0256_AC53WMACXX_L7
b7bbe800-0325-4f56-906d-bb21eb6a30e1	Run0247_BC4972ACXX_L5
cfa2217f-5fce-4f2e-88eb-4b3ba7d04fe4	Run0223_BC3JDHACXX_L2
b82183a3-4f1c-4cd1-9786-5a76946911a6	Run0224_AC3JF3ACXX_L4
fea3c3ed-4b89-439b-a50c-da32623727d3	Run0224_AC3JF3ACXX_L2
55d32074-8d27-436c-b9c6-a9157bb9ce58	Run0224_AC3JF3ACXX_L4
28928b29-a061-47b2-907a-50c70ee0637c	Run0208_AC2LDDACXX_L4
5d2e08ff-4800-4b7c-b93f-d27dfad5df81	Run0247_BC4972ACXX_L6
5977420b-c039-4570-81f5-0148e13ed3f2	Run0257_BC53U3ACXX_L3
de940f24-5658-4aba-bccd-b80adf891b36	Run0246_AC48UDACXX_L5
bbe63d1d-01c5-4488-9eec-fc5ca390f77f	Run0248_AC4D43ACXX_L3
93a28417-47e6-4778-a5a8-39dcc09f9fcc	Run0247_BC4972ACXX_L8
e779fa80-7ab0-4f52-8702-43fae571c661	Run0208_AC2LDDACXX_L3
d3e7fbf8-de82-45d6-a399-42f32c7e32a4	Run0290_AC699YACXX_L2
cf767897-96a6-4d9a-bb02-3fc76d20658e	Run0248_AC4D43ACXX_L5
b9fd6cab-db99-4708-a0eb-6f59669b0fd8	Run0292_AC699LACXX_L4
2adacb73-a69b-4ae5-8354-6fd45e8856f0	Run0253_BC4H6AACXX_L5
4b08445a-9ef8-4904-9b1d-7cd63c33b88e	Run0224_AC3JF3ACXX_L2
5373af83-ba67-450b-aaaa-137b31aa7dc5	Run0253_BC4H6AACXX_L2
d9e2c866-7821-45e5-9ba1-57ad5fb6bf84	Run0231_AC3NBVACXX_L5
40f1ab94-3984-4489-81ba-781087fb7a43	Run0257_BC53U3ACXX_L2
9cdeb81e-c31e-444a-b416-5c0ddadc84c4	Run0343_AC87WGACXX_L4
8ff70140-8355-4d24-8ef0-c09dcee19737	Run0253_BC4H6AACXX_L7
b928cdc3-4b68-43fa-ae97-d939a3f478f5	Run0257_BC53U3ACXX_L2
5ce22b14-6306-401d-a2f0-f5f72fa6c223	Run0248_AC4D43ACXX_L5
18eb6afc-4d8b-450e-a7bd-8c2498d5e385	Run0253_BC4H6AACXX_L3
48d52a80-7c60-4a03-bdda-48110e064e5b	Run0208_AC2LDDACXX_L3
3b7a9170-7f26-4893-b859-d461a4b0d7ac	Run0253_BC4H6AACXX_L4
ec57a2a6-a2db-45a4-98c5-9e9fc1047ab2	Run0215_BC2NRKACXX_L7
0d6b6a15-de3c-404b-a9c2-402527ee6172	Run0247_BC4972ACXX_L6
3b2e57de-e6f8-4db9-8c84-25fc8de40230	Run0284_AC5WN7ACXX_L5
28fdb4d4-5c95-4251-9961-552d7129e6cb	Run0248_AC4D43ACXX_L4
b640b697-122b-4ed7-a741-f1fa8da7ef87	Run0253_BC4H6AACXX_L8
91098a57-9b1e-42b9-9ade-ef73a5a41ec4	Run0231_AC3NBVACXX_L6
c55e2386-87c7-4d11-8469-6e8609f2ef6f	Run0224_AC3JF3ACXX_L5
bdb698fa-26e7-40c0-8e93-e405399805c0	Run0215_BC2NRKACXX_L7
a667b6c0-e20b-4cab-a1e3-9d65adf62844	Run0253_BC4H6AACXX_L2
006b55b5-c2e8-4bbe-b4ae-dfc4e0a5fe8f	Run0257_BC53U3ACXX_L6
1ccc1970-37dd-40aa-a34e-8ae6a911782a	Run0224_AC3JF3ACXX_L2
78dd9f26-0731-4010-ac48-248bf8c853c1	Run0253_BC4H6AACXX_L2
4dff977c-cea8-4204-8127-6a0a2aeff1f7	Run0257_BC53U3ACXX_L6
0099e0b8-64d8-4f06-bb69-68539dd0ffd6	Run0257_BC53U3ACXX_L3
38f204cf-d4ca-4cd4-b88c-f26b11308ecf	Run0288_AC698EACXX_L2
342f957f-6fbd-4c51-a8ad-e824badaab22	Run0253_BC4H6AACXX_L6
dbcd86dc-a7ae-47ca-803c-8ee1b35944ea	Run0288_AC698EACXX_L2
e0204dc2-40a1-4ead-b965-70b63e7a65e6	Run0284_AC5WN7ACXX_L5
0e9d410a-3170-40fc-a1aa-75971fd3363f	Run0224_AC3JF3ACXX_L3
fbdcba58-5ea3-4341-9ead-39d7aa11fc4d	Run0224_AC3JF3ACXX_L2
f8d8fcde-8881-4932-bce4-5e11684cf520	Run0248_AC4D43ACXX_L5
80da72a3-850c-4a53-b6b5-78c88dfb2153	Run0343_AC87WGACXX_L5
cfdcb442-0a5e-460b-98ee-b2a5a5052004	Run0247_BC4972ACXX_L6
07cb3f7e-e2dd-41bc-9ade-9ee4b9ec4fbf	Run0257_BC53U3ACXX_L7
2a8c1aec-fef6-46bb-9bdb-fa94c1cad792	Run0246_AC48UDACXX_L5
cbf9aaf0-5261-474b-aa73-ee2dcfcaf167	Run0253_BC4H6AACXX_L7
fbe0d5e7-77d2-4969-9ac3-4751a04176f8	Run0224_AC3JF3ACXX_L1
02b95d55-37fb-4150-afee-50d996fda6fc	Run0247_BC4972ACXX_L2
5bd016f6-a74f-41b5-8143-899ff8201f8c	Run0231_AC3NBVACXX_L8
8c37ba0e-eb78-499e-bf58-cd9fec475c0b	Run0208_AC2LDDACXX_L2
21f9d842-6a3e-4a87-8472-1b3583f8ae8c	Run0202_AC2KPCACXX_L5
9bd9d9a8-7cd8-4955-aeb8-4afbafbf4c0e	Run0247_BC4972ACXX_L4
b137b9d3-7f21-4fb9-8107-873dd8e0e088	Run0223_BC3JDHACXX_L1
d5f6df70-6575-4ff0-831e-b45221ca57c2	Run0253_BC4H6AACXX_L3
31201aa2-ef89-41e9-9bb6-4f97ac9fa739	Run0248_AC4D43ACXX_L4
c20841e3-7324-49c2-b1c6-dca7270eddb9	Run0247_BC4972ACXX_L8
1c8fee49-8340-49f8-aa28-2d3be6a88a2a	Run0247_BC4972ACXX_L8
958b9d47-a9cc-45e4-9142-ddac967f7d33	Run0224_AC3JF3ACXX_L5
d6449c05-6f72-4867-925d-ef4bf48c502e	Run0290_AC699YACXX_L5
fe9130d6-6e6e-46db-9dca-5c5f84b96451	Run0257_BC53U3ACXX_L7
05c15aa3-2726-4fc0-a48c-8904849116e1	Run0247_BC4972ACXX_L6
8c6edeb6-0cfb-4010-83a1-eb1811bc69ad	Run0292_AC699LACXX_L4
a86e0106-e971-4fb0-bfb2-149d67180b95	Run0248_AC4D43ACXX_L7
3d6705de-7b1a-4af2-a750-a855ac1d4f96	Run0257_BC53U3ACXX_L3
492169d2-1a2d-432d-bea8-751318dbe639	Run0215_BC2NRKACXX_L7
c3b57b74-d3c1-463d-8fa2-457c1b5036c3	Run0253_BC4H6AACXX_L8
086b4c1a-4ee2-4496-a1d7-6e83d47e3808	Run0253_BC4H6AACXX_L5
5a356b89-5092-4fb9-a799-d02b23bf78ea	Run0253_BC4H6AACXX_L7
76c9b4ec-ca23-43df-be1e-36d2884724fb	Run0224_AC3JF3ACXX_L2
3d7a042a-3c11-473d-880e-e0597eb23494	Run0257_BC53U3ACXX_L7
60429305-ad11-4ea5-b0a3-51f8e3c9cfb7	Run0248_AC4D43ACXX_L5
94837f9a-3e2d-47b5-b735-e8eeb2c6f446	Run0247_BC4972ACXX_L1
5f3b9441-f5b2-4c58-a257-501ca7b39185	Run0221_BC3H8JACXX_L5
ebc4046f-5321-471e-a02d-f72945c980b9	Run0247_BC4972ACXX_L8
55bcd9b0-1e16-4a80-8664-713ffe27d59e	Run0223_BC3JDHACXX_L2
a826da49-cd02-480a-89e1-7feac65b8445	Run0248_AC4D43ACXX_L4
9b2e22c4-b7ce-44b3-9f5f-4724090856a5	Run0248_AC4D43ACXX_L3
72f44b47-33f3-4d69-9fdc-b8d9592a4360	Run0253_BC4H6AACXX_L3
73ed38e2-e2ce-4141-95dd-0d679fa075b7	Run0247_BC4972ACXX_L3
bc834a15-853f-426f-a234-2a025a48502b	Run0246_AC48UDACXX_L5
d56c807c-46ae-4cc7-b2ad-7eb53a17faa5	Run0208_AC2LDDACXX_L3
a0e654ca-795c-45a1-aef1-23186566810d	Run0231_AC3NBVACXX_L5
3e94657e-662c-43af-921b-111a3757a3a8	Run0248_AC4D43ACXX_L5
b98d0142-15a2-4a5e-94c6-acc6f535b3a4	Run0208_AC2LDDACXX_L3
1b045b56-1213-4b9e-bc27-2e0813119f4c	Run0248_AC4D43ACXX_L2
39084e86-227c-41a6-9688-bd3ebed71cea	Run0203_BC2KF2ACXX_L5
e413a175-b3fc-4146-bbe4-0e316f629da8	Run0231_AC3NBVACXX_L5
b3339f59-9a3d-4542-b949-a01cc7e2862f	Run0231_AC3NBVACXX_L6
33cb2ec7-87f1-467c-95aa-64f61acc16c8	Run0246_AC48UDACXX_L4
75c646da-6b7c-4dba-ab68-c07b8644d017	Run0224_AC3JF3ACXX_L2
8189b70a-2a5a-4adc-ad35-8162980a5d7a	Run0253_BC4H6AACXX_L5
62317eb1-6b0c-4b9a-82c6-93f8f977b2f4	Run0284_AC5WN7ACXX_L5
abb21173-d6e0-4690-a0d3-efe371d78c30	Run0343_AC87WGACXX_L4
1f209aa5-bfad-4c94-b300-684b91a6e6ec	Run0257_BC53U3ACXX_L2
2baadd5c-0776-47f3-bbe1-e4f7c7d1eb0c	Run0247_BC4972ACXX_L3
d5adee24-d4c1-4b21-a826-10ce2cddbd72	Run0231_AC3NBVACXX_L7
42ecbac4-c215-45e7-9bfe-8579f209dc32	Run0246_AC48UDACXX_L4
91e8a286-1b49-461f-a0d6-c60d1b9b7bba	Run0246_AC48UDACXX_L5
9611701f-c34d-4549-a7b6-bd7851369df2	Run0231_AC3NBVACXX_L5
03659a52-61c0-40a8-9569-b29a819c08df	Run0257_BC53U3ACXX_L3
f8f5bcd5-45e1-416c-a534-9fd56127c04c	Run0253_BC4H6AACXX_L5
25c108be-7b2c-48ff-a687-e8f0e0655ad7	Run0247_BC4972ACXX_L5
d151e873-103b-4e8f-a00a-98dc93695bb7	Run0208_AC2LDDACXX_L4
8a04ca10-66cf-4928-8938-25c461c0d4f9	Run0247_BC4972ACXX_L5
73b4430b-5a2a-45f9-8f1e-b7f6e5a03ac9	Run0292_AC699LACXX_L4
6014b58b-4af9-45f9-95b3-ebb46dc0d916	Run0290_AC699YACXX_L2
0dfd43da-f78b-4d11-9e17-062fa1d24a33	Run0246_AC48UDACXX_L4
3af5179d-27e4-478e-98c5-09ca37e18d6b	Run0343_AC87WGACXX_L4
b440c437-8151-47c7-b3e8-e1dc66fe5e20	Run0288_AC698EACXX_L2
757edf0d-b178-4a19-b1f1-7750a1a24446	Run0223_BC3JDHACXX_L1
54cf6601-4822-4437-b48d-e2c8ca5adf5c	Run0253_BC4H6AACXX_L4
10641146-a4da-4074-b882-c19ecec2b789	Run0292_AC699LACXX_L4
7eaf80ec-e7aa-4d4c-ab61-ad05bf7487c3	Run0231_AC3NBVACXX_L7
84896bae-7a45-4695-bfa7-c392517d17b4	Run0248_AC4D43ACXX_L7
b3d0aed0-a9df-453b-a109-595a4b138361	Run0257_BC53U3ACXX_L3
9fc1ef07-575b-418b-8650-2e93f8f1e53e	Run0231_AC3NBVACXX_L7
cae16bea-59fe-4b84-a54f-729d0d6580a5	Run0248_AC4D43ACXX_L5
798f2e47-ad61-464c-ba06-e4bbed3aaff6	Run0343_AC87WGACXX_L5
1e39a5cd-043f-420f-8f80-02edfe8ea36d	Run0224_AC3JF3ACXX_L3
21d8e828-a065-47d2-8e49-4142ac4c7d76	Run0253_BC4H6AACXX_L5
644f6af5-9d1a-4f27-b5de-1c6a76dced76	Run0253_BC4H6AACXX_L7
fe9cb833-5a28-476b-a9d4-7da4bd674b4b	Run0247_BC4972ACXX_L4
facfc76c-8eae-43fc-b6b5-2584df558247	Run0253_BC4H6AACXX_L1
bb18fcbe-ea59-441a-a4c5-c81cf28d9b8f	Run0253_BC4H6AACXX_L1
3b19572e-9a0d-4e1b-abe9-f5cdfc7ace05	Run0253_BC4H6AACXX_L4
aba1c45a-6b29-4980-9598-ac6a10ecde2c	Run0246_AC48UDACXX_L5
a9bd578c-8729-411b-8471-5e9ce1a3a92e	Run0257_BC53U3ACXX_L6
f1876973-95ac-4a30-8428-a061933a9377	Run0229_BC3N7TACXX_L2
707b5691-c117-4673-9646-4a8c1172e200	Run0224_AC3JF3ACXX_L1
9e00d26a-dc48-44fd-95f1-0ec9dc61b80f	Run0253_BC4H6AACXX_L8
beea4c03-cd57-4cdc-8063-9fc749775742	Run0253_BC4H6AACXX_L3
173c965a-5e8f-499f-a31e-e52b9278b780	Run0229_BC3N7TACXX_L2
23c334a4-5862-4181-a9fd-aaf1505cc28a	Run0247_BC4972ACXX_L1
5f28eb9e-7a3f-415d-90b1-fc706716e2eb	Run0253_BC4H6AACXX_L5
558b80f3-1645-48ed-8008-629e8315ee6d	Run0257_BC53U3ACXX_L3
7b66f49c-5fb9-4f5a-949f-42088e4e60a7	Run0253_BC4H6AACXX_L5
d7c8c42c-1901-46fd-94cf-b19efd13c602	Run0288_AC698EACXX_L2
46be9001-c1ce-42b1-a365-4ad162c07c17	Run0231_AC3NBVACXX_L5
6832b5a8-778f-4c51-ae70-0f5c76be5c97	Run0253_BC4H6AACXX_L8
f7515647-792f-4690-8af7-4be6f4ab64c1	Run0247_BC4972ACXX_L8
049c07e9-c439-4e6f-b6ef-5301d54740fd	Run0224_AC3JF3ACXX_L2
6d6dbf6a-3fe3-4ad5-8172-146d39e188f1	Run0256_AC53WMACXX_L8
a03a1a7e-3944-4465-8a3f-481da8efbad9	Run0247_BC4972ACXX_L4
ab18fc82-df53-4b9a-8ad3-6821873e81fc	Run0253_BC4H6AACXX_L5
af34e6d4-73b9-4ea4-b335-7454cb2567bb	Run0257_BC53U3ACXX_L6
33cef539-434d-412f-8fdf-3d5646fb28fa	Run0247_BC4972ACXX_L6
c17cc98d-f58d-47ca-ae3b-bb6b95031aa6	Run0248_AC4D43ACXX_L3
15cf00ef-b8d1-4237-948e-62bfb59382f6	Run0253_BC4H6AACXX_L7
a00279c0-d255-4fc6-a772-ae23559dc18a	Run0292_AC699LACXX_L4
ca0ad5c6-92c2-489b-8c42-70239bee8d6e	Run0292_AC699LACXX_L3
4f4abf82-670b-4fe3-a136-ecb9a508d49c	Run0229_BC3N7TACXX_L2
53979ffb-a394-4879-9601-2a68e54951da	Run0248_AC4D43ACXX_L4
a5833de3-3145-4ef0-aaf8-50f058a435eb	Run0288_AC698EACXX_L2
f080684e-ad44-4e8e-8d14-a2623b21ccb9	Run0256_AC53WMACXX_L7
7c2bce9e-8b12-4ceb-90ec-5926a1ecca57	Run0343_AC87WGACXX_L4
40c3c1f9-f7e0-472f-aeaf-fbb65512244e	Run0257_BC53U3ACXX_L3
b3addd7b-1dfb-47f3-9bc4-47282070d758	Run0223_BC3JDHACXX_L1
061f29b1-987e-4c11-8f4a-8d3dadd84de9	Run0253_BC4H6AACXX_L7
d39733ce-e978-4b85-bbe2-dc63ca2e8d20	Run0246_AC48UDACXX_L4
ce1ae4fd-6932-4f27-aa6c-d1cbfa826518	Run0292_AC699LACXX_L3
4ad947df-2590-4913-9f1c-99abd71e4dd3	Run0229_BC3N7TACXX_L2
87c9472d-2fe0-4039-8f04-8cded0678222	Run0247_BC4972ACXX_L5
5302c144-7c90-4d56-9763-1115e09c4a39	Run0248_AC4D43ACXX_L5
3cc16919-14ae-4a4f-a3f4-cbf436993888	Run0256_AC53WMACXX_L7
903ce5fb-4c0a-481b-96d3-61ef755bad1b	Run0257_BC53U3ACXX_L2
08ba7d17-987f-4663-a151-c28e688cd830	Run0253_BC4H6AACXX_L2
7bfa3b29-0e51-4e86-8208-c2ca8d97aad7	Run0257_BC53U3ACXX_L6
71d0b45f-dd87-48cd-9b4d-dfc0cd0d208f	Run0223_BC3JDHACXX_L1
e52eabe2-1914-4230-8c4e-140588065add	Run0248_AC4D43ACXX_L5
45832f30-bd50-456a-8263-f17f7b7e0ad9	Run0288_AC698EACXX_L2
137a6eba-bcb7-43d9-9b9f-b6ccd0286cea	Run0247_BC4972ACXX_L4
bd334128-a270-4c9a-8730-f5abc7dd4e0a	Run0246_AC48UDACXX_L4
2aa59465-3c59-459f-a6d3-3060e0434166	Run0248_AC4D43ACXX_L3
4f353c75-a4aa-43a3-b9aa-d9c6e8d1a859	Run0343_AC87WGACXX_L5
44c8f4f6-86a3-4ab1-b44d-b1f143f0187f	Run0224_AC3JF3ACXX_L4
349aa1df-4f4c-4f24-b5aa-06fa820ad54b	Run0257_BC53U3ACXX_L2
168a9803-23d9-42ca-9e41-1e8637c36536	Run0343_AC87WGACXX_L5
4525be96-e0ac-4cfe-8d85-63b6a810fdd3	Run0253_BC4H6AACXX_L7
617ae8df-b496-4a76-91f2-225293672689	Run0224_AC3JF3ACXX_L3
5c78c520-10de-4511-8e01-fb339bde4abc	Run0253_BC4H6AACXX_L2
054d6956-1920-4706-811f-c5043b440745	Run0248_AC4D43ACXX_L6
26bc6b18-d9cf-4e19-93b6-4d73c19a020f	Run0248_AC4D43ACXX_L3
a7102495-f70b-4e61-813f-a539b9a1b5de	Run0290_AC699YACXX_L3
8912b3ef-8754-4997-acc7-bae9c4bed4e4	Run0248_AC4D43ACXX_L4
15cd49f4-4c22-4dda-b112-f1b8be3b7f8d	Run0343_AC87WGACXX_L5
b694f7f5-92db-4eeb-8e86-a24c7d26e61b	Run0224_AC3JF3ACXX_L1
b6a98980-154f-4953-8edb-c17e188faab9	Run0248_AC4D43ACXX_L5
aa943f8d-65fd-460f-99df-4d1607a55179	Run0248_AC4D43ACXX_L3
079e0975-2a78-4d7d-a982-8b327069c2ed	Run0247_BC4972ACXX_L7
e01ddcc6-9bbe-475d-9494-fa4d85ea7679	Run0248_AC4D43ACXX_L7
ea59cf35-8f41-48c7-9da5-fbc679b88877	Run0247_BC4972ACXX_L2
203141ed-3cd5-476e-a2c4-f31ebae8c89e	Run0290_AC699YACXX_L3
dc7c3f27-64fb-44e0-a5cf-3d02761678dc	Run0253_BC4H6AACXX_L5
6564cbb5-ed48-4d5b-90eb-67330fc9ad10	Run0247_BC4972ACXX_L7
bc657978-aab9-4a6d-90b9-c221e1095d6c	Run0247_BC4972ACXX_L7
275ed835-4caf-4bfa-8721-72c5e2f85f73	Run0290_AC699YACXX_L3
508428d3-09e3-49e1-bace-80036409accc	Run0257_BC53U3ACXX_L2
d5e90e2b-6bfb-40a3-91d6-8b98ea6544ee	Run0224_AC3JF3ACXX_L1
b461d52a-1f33-46a6-a27e-b2fa1940db4c	Run0247_BC4972ACXX_L1
b82fb3f3-1b6b-4538-b777-fc31c4f7d380	Run0248_AC4D43ACXX_L5
e91060ce-0c4a-495b-b39b-1d8aca121465	Run0248_AC4D43ACXX_L4
553f37f0-3295-4736-a8ec-0df803c111de	Run0292_AC699LACXX_L3
8b82569b-6fe6-41ae-965e-f2d8658eca6a	Run0246_AC48UDACXX_L6
cde7c1ab-c192-4b5d-83b5-6d8d0bd4127f	Run0221_BC3H8JACXX_L5
42ede10c-b953-4316-bcbb-4f7077753b11	Run0256_AC53WMACXX_L7
be6275e1-2539-49b1-923a-61fc44a275e2	Run0253_BC4H6AACXX_L8
e7cec6f6-f32c-475b-bc9f-fc697565e445	Run0208_AC2LDDACXX_L4
2cecd5c4-695c-4a00-bad8-55668856fa77	Run0223_BC3JDHACXX_L1
83f4c0f2-e5bc-4ae5-afed-5dac5b7459d1	Run0343_AC87WGACXX_L5
8d86cccb-ff75-480b-b1ca-258241a52855	Run0246_AC48UDACXX_L6
2c3a1e33-0594-454b-a34b-592260826a39	Run0247_BC4972ACXX_L1
daa13d0c-1f34-4076-b1a6-2581a0d829c9	Run0253_BC4H6AACXX_L1
85611297-1e66-4063-b2c5-3f50bf908503	Run0247_BC4972ACXX_L1
051d4b1c-6597-4ad8-a484-fd47fa5aab09	Run0290_AC699YACXX_L5
11147b91-9a58-43b0-a682-b7e7b6f66770	Run0292_AC699LACXX_L4
4c827804-28c4-4bb6-9414-33e3cdaec3ab	Run0248_AC4D43ACXX_L4
553f8e68-fe87-4200-a6e7-ebb75be5f55a	Run0253_BC4H6AACXX_L7
7736b42f-c317-434c-8f05-5f0fe1aa0137	Run0208_AC2LDDACXX_L3
4669e08c-2a0a-4b92-a9ec-e7530253c29c	Run0292_AC699LACXX_L3
00181b54-e994-461b-a365-be01627b4f1e	Run0246_AC48UDACXX_L5
594d98b7-2336-46e4-b426-ed8b4e660cd8	Run0248_AC4D43ACXX_L7
3f0c5049-7255-4b95-bb23-c249064eb258	Run0253_BC4H6AACXX_L6
941b75d9-6bbd-44b7-b75a-8ffa25723443	Run0343_AC87WGACXX_L4
48e701a5-28e4-43fc-a9b9-16b8b943f664	Run0247_BC4972ACXX_L4
9b26b21d-0d27-4490-8d23-4c3703344ea2	Run0231_AC3NBVACXX_L7
e0d9fb55-2c40-4e6c-857e-5210582e0ff7	Run0247_BC4972ACXX_L6
c85002cf-0627-4393-a2dc-00c66e34449b	Run0247_BC4972ACXX_L2
e4fe6662-dedd-4f19-b755-7991f6a682c9	Run0208_AC2LDDACXX_L2
6291a7d1-a471-4155-857b-fb6ef4d3ee2b	Run0253_BC4H6AACXX_L7
5c9cf23b-ae78-4994-b4cb-5c1724c8f6c1	Run0229_BC3N7TACXX_L2
659203c3-65ff-48f4-888c-ef3f90590ff2	Run0248_AC4D43ACXX_L3
5127b0f4-df6e-448e-bfbd-e0fb32a72d87	Run0247_BC4972ACXX_L5
7b7f29e7-96a2-4f41-875b-1e6329229581	Run0253_BC4H6AACXX_L6
9d13643b-ea4e-4589-9477-7d2d5cefdaa7	Run0231_AC3NBVACXX_L6
6f327709-8601-4f00-bdaf-2b87a544c027	Run0246_AC48UDACXX_L6
7e22360c-4670-48d1-9d95-233cfc1cfbee	Run0221_BC3H8JACXX_L6
07c60c5f-7841-4c23-8b6a-8edf1792ef79	Run0203_BC2KF2ACXX_L5
dc29c06f-228e-4dbf-a04b-15d2579c187c	Run0208_AC2LDDACXX_L2
3a0319b6-574b-4dcb-8084-6bf2e28a819d	Run0257_BC53U3ACXX_L3
ca092671-63eb-4594-9bf0-d7c193f3ed25	Run0253_BC4H6AACXX_L5
5fed4254-e04d-4e7a-9de7-7e31d47b2c56	Run0292_AC699LACXX_L3
50e32def-6990-4138-a1b5-6432e7312314	Run0247_BC4972ACXX_L5
519110ac-5e18-4f2e-b0bb-8fddb2fe2993	Run0247_BC4972ACXX_L2
8cf8b940-d12d-4f49-ac52-4514792d2444	Run0257_BC53U3ACXX_L2
4134d9d3-e522-4e7e-a80d-ba15a30718b4	Run0257_BC53U3ACXX_L3
a0f33494-3f1a-494b-aa14-17ef96063fd5	Run0232_AC3NWRACXX_L7
f1434075-6325-4a97-98cb-03aa383ba709	Run0253_BC4H6AACXX_L7
c8956d3b-2a22-4932-906b-3ac8ba7c40a3	Run0253_BC4H6AACXX_L3
0fac8815-a813-4203-b760-826ac7339cf0	Run0253_BC4H6AACXX_L2
4ed62811-8be4-4718-88c4-3a5551c9d731	Run0248_AC4D43ACXX_L4
0be11752-6d59-4287-80d4-7497e592bf3b	Run0257_BC53U3ACXX_L6
2a9e301a-e2a1-4357-951e-0ee408af7bc8	Run0221_BC3H8JACXX_L6
b01847d9-d4ff-4abe-bb29-8abe7f3a780b	Run0247_BC4972ACXX_L4
fb562789-93b5-4189-9b1f-2866c44d7847	Run0247_BC4972ACXX_L3
bac48959-f649-4018-ac5e-a11baa402772	Run0253_BC4H6AACXX_L2
269819d2-7604-4764-ac5f-5ebeffa07aa8	Run0215_BC2NRKACXX_L7
fa4c16f4-0026-4b76-9581-6c9b8ba33f77	Run0343_AC87WGACXX_L5
20a4508c-4335-4f49-96af-620294ec56a7	Run0224_AC3JF3ACXX_L2
75f3fe92-65f0-485c-b7b3-11428a451aaf	Run0248_AC4D43ACXX_L7
5a8bf2aa-8d7f-4cd8-8594-f44b326095e6	Run0247_BC4972ACXX_L4
213ee926-cebe-4f56-b6e6-b86946b93f47	Run0231_AC3NBVACXX_L6
9ab54eeb-d76f-4490-b76a-d2e305d269ba	Run0253_BC4H6AACXX_L2
641b2153-10fa-4a8a-a54a-9a80b7c6cd20	Run0343_AC87WGACXX_L5
3e6dfda6-1eab-402d-8a87-0a927481b252	Run0256_AC53WMACXX_L7
2280664c-5d8c-4d99-bbb6-eee30306fbbf	Run0257_BC53U3ACXX_L7
25760c34-2114-4981-904d-8b04b1fdb666	Run0247_BC4972ACXX_L4
dd59958d-c0ad-4073-9de7-33f8e6d133e7	Run0224_AC3JF3ACXX_L3
de91f087-14dd-427f-905d-13dc9e1209e1	Run0256_AC53WMACXX_L8
2a009b1e-1488-4258-bb4c-c8992ff433eb	Run0248_AC4D43ACXX_L3
be7ed6f3-1b70-4df8-a6d9-111400fedac8	Run0208_AC2LDDACXX_L2
198fd56c-c47b-49e1-89b9-e7de1ffa7243	Run0253_BC4H6AACXX_L7
5831ee0a-00af-4533-933d-71dfcdf54892	Run0208_AC2LDDACXX_L4
ea07e88d-74e7-4a38-b53b-46e0e00bdb83	Run0288_AC698EACXX_L2
e32393ec-baca-47ef-93ec-6593a3fff5e2	Run0253_BC4H6AACXX_L3
4c8f7f21-86d5-4a63-9edd-872a29373151	Run0288_AC698EACXX_L2
07f0e373-46b0-42ad-9ef5-4334726fa332	Run0248_AC4D43ACXX_L2
baf5eeec-e3a0-49a0-84d8-97ff337b0d1c	Run0224_AC3JF3ACXX_L1
355c5dcc-70a0-4d81-bc62-fb1fb0d41171	Run0248_AC4D43ACXX_L2
866b2ed6-0e3d-44cf-af1b-a180355691d0	Run0208_AC2LDDACXX_L3
cd2a6633-d7c0-48f0-85e8-3680127dc031	Run0247_BC4972ACXX_L6
df5aa42e-9355-4043-a68e-6200682fe802	Run0202_AC2KPCACXX_L5
5d53558e-5648-479a-bda7-e7968dde39a9	Run0229_BC3N7TACXX_L2
b388fad5-9107-49bb-b4e1-54d9d5b6d476	Run0196_AC23BRACXX_L5
dbfdd777-2a99-4357-a1cd-33b2e6dcdc6e	Run0253_BC4H6AACXX_L7
627cb95d-60f4-43b5-93aa-8d46148f7242	Run0223_BC3JDHACXX_L1
3156704d-7e57-435e-abcb-a1c8f3920276	Run0248_AC4D43ACXX_L5
77ff840e-bb27-476d-9c27-8533e6cc8245	Run0247_BC4972ACXX_L6
01c3a640-4d68-4285-b243-d3d8712a36fb	Run0284_AC5WN7ACXX_L5
1ee90589-e14f-4a96-882b-48e721b2ceb8	Run0231_AC3NBVACXX_L8
ff8ffd89-707e-4eb5-a90a-285ef69f3e1c	Run0223_BC3JDHACXX_L2
84531433-5b11-461e-98eb-e94ab5adc24d	Run0257_BC53U3ACXX_L2
e6b0d766-5e53-471d-9d54-938bd761b646	Run0253_BC4H6AACXX_L5
7b0bd70b-c3cf-410d-b3a7-b765b579799f	Run0284_AC5WN7ACXX_L5
d91ee34c-5233-457b-a850-b267bfeb13cf	Run0248_AC4D43ACXX_L2
a38632c0-9e8b-4fa1-97eb-23e61e1d4755	Run0288_AC698EACXX_L2
a26f8628-2680-485c-bb34-76bccd9cb987	Run0256_AC53WMACXX_L8
97cca7ed-5f3d-4178-977a-c04557d88d72	Run0253_BC4H6AACXX_L1
ace532ea-0883-4e95-8459-29f7df5d11e2	Run0224_AC3JF3ACXX_L3
b1379f4e-eab8-4383-980c-7fa1ba780b3b	Run0247_BC4972ACXX_L5
ee329cad-cd8b-4e38-9fff-1a7129e65893	Run0247_BC4972ACXX_L5
5c9f3be8-6e1a-4530-bd3a-eb44eaa8a1f9	Run0229_BC3N7TACXX_L2
32dc1aea-4f10-4814-a3db-3f3849a7b1ce	Run0247_BC4972ACXX_L1
36af868c-1424-48eb-8f23-73e73098b688	Run0247_BC4972ACXX_L2
784e1c7d-2bca-4713-a37f-dd527c48dd68	Run0290_AC699YACXX_L5
aedbbd43-766d-4f2e-a0cf-f27bfbba46d4	Run0231_AC3NBVACXX_L5
af638052-c610-4a76-a303-5dfe67a361aa	Run0247_BC4972ACXX_L2
aa154164-c420-4641-8e34-e95bc852552b	Run0253_BC4H6AACXX_L3
50bc82c8-9ccf-4da6-9734-ffd40a5c04f8	Run0292_AC699LACXX_L3
5c586ef4-0368-4e6f-8ed1-0f84dab2c501	Run0247_BC4972ACXX_L6
836e38c3-01c4-4960-819d-b61e6c26ea43	Run0253_BC4H6AACXX_L1
b15d311a-801d-44d3-afcf-586992a80344	Run0253_BC4H6AACXX_L5
bc560921-ce51-497a-a059-270041673ace	Run0253_BC4H6AACXX_L4
9c579d50-ed88-4cb2-a581-3ed1c88d6972	Run0253_BC4H6AACXX_L8
cc5d0f0b-9062-4986-b6c6-b11d57147957	Run0221_BC3H8JACXX_L6
36ff86bc-2abe-4188-9c3a-b32b4db13d71	Run0229_BC3N7TACXX_L2
c210e29d-01d3-4bd7-ac29-a08ef0e080fb	Run0253_BC4H6AACXX_L7
60caa2ba-cd97-4c41-9405-fc0b44af3c9d	Run0343_AC87WGACXX_L5
8d6bdea3-1f2c-4a0b-a39b-d208396305be	Run0231_AC3NBVACXX_L8
1acd9a08-e2a8-47ec-b9f8-050716194f7b	Run0257_BC53U3ACXX_L6
a1cbd3c2-f2ae-4752-971b-0f6b1c802f0d	Run0208_AC2LDDACXX_L3
b158a9da-782c-425c-871f-f105c74384df	Run0248_AC4D43ACXX_L6
eb2b78e2-3975-409a-8cf7-845cb71469de	Run0343_AC87WGACXX_L5
072dda88-643a-43e9-b425-22a4ef9e7549	Run0288_AC698EACXX_L2
5063e814-3e09-43aa-adac-4ef50631e866	Run0248_AC4D43ACXX_L7
5526afe4-9cdb-47eb-b980-1e3e5a4115f7	Run0231_AC3NBVACXX_L7
3ddcdea7-a60b-4c10-85e8-20da80321fd7	Run0292_AC699LACXX_L3
d5196a4e-9fe6-4506-a29d-4f67d2226a1f	Run0290_AC699YACXX_L2
d2cd2d4c-0089-43cc-bed5-0849eb08fa2a	Run0248_AC4D43ACXX_L3
60675ab4-466b-44b2-976a-1a45ba4ee03d	Run0343_AC87WGACXX_L4
30451a97-9e0f-44a9-802a-83a65e635d92	Run0257_BC53U3ACXX_L6
7b442434-0a38-4170-99e7-50e1a07946c0	Run0253_BC4H6AACXX_L3
8341f23a-b107-4545-a487-39d9ac0fd564	Run0223_BC3JDHACXX_L1
0f506fd0-72fb-4fcb-a872-7c1e0e377dfd	Run0247_BC4972ACXX_L4
a3397fc2-24ad-4166-b6fd-21925f460757	Run0248_AC4D43ACXX_L6
08f629b3-e90e-4552-81c9-ecfb039c7288	Run0253_BC4H6AACXX_L2
cf435639-70d8-47b8-8318-5f736bdfb9f7	Run0253_BC4H6AACXX_L4
849337dc-33f1-4993-93a2-31081c332f61	Run0253_BC4H6AACXX_L8
4e4324b6-3274-4b75-a9f3-379d72f872e1	Run0257_BC53U3ACXX_L3
144c64c4-77af-4311-8de6-266708169169	Run0215_BC2NRKACXX_L7
c887a6e4-0a4b-4d43-9b7d-a5ba2082e4e3	Run0253_BC4H6AACXX_L8
3f960b8d-1a0b-4554-a774-336793746d96	Run0247_BC4972ACXX_L1
43f87212-1c5a-459d-b0f5-e5689073c7b2	Run0257_BC53U3ACXX_L2
9aae5688-b406-442d-bc11-b51429bb56fd	Run0208_AC2LDDACXX_L3
fcaca2d7-8518-4819-a8f5-6cee229916f7	Run0247_BC4972ACXX_L6
db090a84-3684-46d5-9d95-cac6f2c0b109	Run0253_BC4H6AACXX_L2
ae1e7343-0573-460d-b1b7-1cff051c0b2b	Run0246_AC48UDACXX_L6
a1bcc20c-0c91-40f3-9c5f-40206b2c4b93	Run0290_AC699YACXX_L5
1f665bb5-5a3b-43e6-b67e-95345343d5af	Run0221_BC3H8JACXX_L5
1856ce0b-6cb2-4a41-9154-d321cb6d0a38	Run0290_AC699YACXX_L5
db3e2bf0-87b2-48b8-a5ae-52fb551456df	Run0215_BC2NRKACXX_L7
cec38f07-b0f6-4a8e-add0-40a7817ce16d	Run0246_AC48UDACXX_L6
3bd64abc-4d48-482d-981c-1fcc7b1c8665	Run0253_BC4H6AACXX_L3
4f2d6ba1-88c5-4404-8f50-7a6a289d9f74	Run0231_AC3NBVACXX_L6
ae666c0f-c149-4c9d-925f-6b525ccd4887	Run0288_AC698EACXX_L2
d478baa3-dc5e-472b-bf75-f1207b2c62e9	Run0248_AC4D43ACXX_L2
ff07ca0e-55d6-45ee-b76d-86290e4d62f3	Run0248_AC4D43ACXX_L5
804d7727-c0ca-4b16-958d-d64ef08c4c11	Run0257_BC53U3ACXX_L2
ed9ece98-5bb9-4fe6-b6ac-e732c1e01591	Run0248_AC4D43ACXX_L5
640fa92a-2b55-494a-bace-cc58cddad88a	Run0248_AC4D43ACXX_L7
8e70c6e8-bf27-4e99-a01a-18d18008bcaf	Run0253_BC4H6AACXX_L1
17d4475b-36fd-42e8-8b58-700636286504	Run0253_BC4H6AACXX_L6
1b0043d3-089f-4c0e-8563-d9d9a225de41	Run0246_AC48UDACXX_L4
dea29a89-87e1-44a5-8bff-44169c6fc255	Run0248_AC4D43ACXX_L2
4052b32c-7715-4c33-b1f1-ffd4e03d507f	Run0248_AC4D43ACXX_L7
1e6810e1-8e46-4327-898c-481d814aee5a	Run0231_AC3NBVACXX_L8
02cefa4f-a9dd-423b-8048-ceb02f790a2a	Run0253_BC4H6AACXX_L4
b496ae99-9687-4f55-aaa0-30f77ca6c319	Run0231_AC3NBVACXX_L8
2ceec33d-b166-401a-9062-87f62d98bdfa	Run0343_AC87WGACXX_L5
51beed8a-85e5-42d1-9197-cfbc43828a01	Run0253_BC4H6AACXX_L8
7e36e8e3-2634-4fb7-9a79-bd66a1543d83	Run0223_BC3JDHACXX_L2
d26d4baf-3eb5-42c2-b9f9-1a00ffa5bbfa	Run0253_BC4H6AACXX_L3
51688ca5-68d4-4aa9-839e-026ce9b88502	Run0247_BC4972ACXX_L2
057701e0-9bf9-48a4-b004-29d5d2decacd	Run0253_BC4H6AACXX_L8
6b5a104a-f17b-4fa0-a42a-e77500a3b9f9	Run0248_AC4D43ACXX_L6
398b502d-be3e-4f14-9f70-ea11d2ac0d07	Run0253_BC4H6AACXX_L5
d07c2903-8388-42a1-9e36-565f95a5dce6	Run0224_AC3JF3ACXX_L4
29108c9d-cfb2-4b35-afaa-5338c6c4182c	Run0343_AC87WGACXX_L5
caebca09-107b-4816-8af3-34ca7550afc8	Run0256_AC53WMACXX_L8
9e66758c-0a1f-474f-9d10-96539f50a0e7	Run0248_AC4D43ACXX_L7
98133910-90d7-456f-ac0e-a0eb5eaf4998	Run0292_AC699LACXX_L4
f70b5c2c-7cf6-44b9-a7e8-514e0206cea2	Run0248_AC4D43ACXX_L4
6d633198-9e5c-47d0-9167-c2df844bb5a2	Run0253_BC4H6AACXX_L2
94001c98-3d96-4145-a54f-d983b3d99352	Run0247_BC4972ACXX_L6
f77131ab-566f-49a8-ae95-13a9268c70f5	Run0229_BC3N7TACXX_L2
13fbce07-26b5-43a4-8c76-eab5c7bd6e5f	Run0223_BC3JDHACXX_L2
5cc097a3-a544-4c63-a1d9-f1d0dba3987f	Run0223_BC3JDHACXX_L1
3162e8dc-5151-4f4f-8f93-60a9d977e116	Run0343_AC87WGACXX_L4
c6e89c17-0475-40c4-baac-f715f7fa1dfd	Run0253_BC4H6AACXX_L6
e0f0f553-e5df-4220-be1f-e1c86886a7e6	Run0253_BC4H6AACXX_L3
f2ff53e9-ff6a-4426-8af5-be7ecf158969	Run0290_AC699YACXX_L2
8571dd97-174c-4469-b348-aed820533b0b	Run0253_BC4H6AACXX_L8
a2a3024c-c16c-4b5e-88c2-223358d81bd3	Run0223_BC3JDHACXX_L1
b9fea0ad-4e60-4291-b31d-ff5e748cad67	Run0246_AC48UDACXX_L6
12746545-f879-4603-a8e9-8efdc7f3a77c	Run0290_AC699YACXX_L3
58c93569-d56a-41cd-96c9-d34004caf122	Run0247_BC4972ACXX_L8
fcddb0c1-b841-4716-8e0a-8d88e2ee44ff	Run0232_AC3NWRACXX_L7
331f4dfa-e40c-41fe-8d21-6a2bd319feb8	Run0232_AC3NWRACXX_L7
d6163dbe-3c3e-4093-a966-eb94c404a505	Run0224_AC3JF3ACXX_L1
5a44be89-0811-4717-b0ff-6120a702143a	Run0224_AC3JF3ACXX_L2
2dc84d40-a649-4946-aaae-261de8748985	Run0248_AC4D43ACXX_L5
43db80e0-81f3-45d2-b384-fe0817f7665a	Run0256_AC53WMACXX_L7
d68e04ac-c05c-4444-bd09-1c293e557643	Run0343_AC87WGACXX_L5
78991deb-2a46-4bda-bb28-9ed9de4d768d	Run0343_AC87WGACXX_L4
85f6272f-3e56-4122-ba55-cb0c55bcbe05	Run0290_AC699YACXX_L2
8d51208c-b134-4971-9f03-614cf5887f2e	Run0247_BC4972ACXX_L4
7e75d4c2-b5bb-46c7-aadd-1280efd0c105	Run0247_BC4972ACXX_L5
dec714f7-2af6-4599-a41b-160ff8652758	Run0288_AC698EACXX_L2
a93845a6-b2aa-464b-88ca-be3bfa1ad590	Run0208_AC2LDDACXX_L2
d8e6cb60-1a26-4c55-8583-7a41f38ff225	Run0231_AC3NBVACXX_L6
9de9337a-a20d-4bb6-9d02-8fb948973db5	Run0196_AC23BRACXX_L5
88414da4-3308-4f14-a6ce-b8540ea6cb81	Run0257_BC53U3ACXX_L3
bb27b802-550c-4114-b7a0-7675202d1c4e	Run0247_BC4972ACXX_L3
c754eb5f-4ef8-4747-86dc-d0ae8b4c57db	Run0290_AC699YACXX_L2
35301e43-2e46-4f77-9ba2-374f1ff9825f	Run0246_AC48UDACXX_L6
7f092e30-6e67-44f4-a948-6c2d02de1637	Run0253_BC4H6AACXX_L7
a56270c4-c947-46d2-8882-f903a66cb90e	Run0248_AC4D43ACXX_L5
51791da6-225d-4ca9-8bf5-5519ae24ccb9	Run0292_AC699LACXX_L3
06c1934a-5886-41a4-8c63-91a2177ec1d2	Run0257_BC53U3ACXX_L2
fd86b622-8b7a-4e37-986c-5165c3aeaa64	Run0253_BC4H6AACXX_L6
1794bbbf-976b-4a9c-a306-a0279d045433	Run0224_AC3JF3ACXX_L3
1e9879b4-8c67-4010-9093-420ef8001cb8	Run0224_AC3JF3ACXX_L5
a7336a36-e6fd-4457-8bf9-6161ff80e76b	Run0257_BC53U3ACXX_L7
f4900267-2c19-4bab-9b4a-36ef6f345fa6	Run0290_AC699YACXX_L3
05fb8785-c118-4b59-833a-652d3bc95fe9	Run0343_AC87WGACXX_L5
a14a5013-353d-4b57-88d7-c0035ff012ac	Run0247_BC4972ACXX_L6
be0919f6-ab90-413d-a585-aa22eb857b5d	Run0221_BC3H8JACXX_L6
0fa1e1b8-aacd-4c9f-b441-7315908040ff	Run0288_AC698EACXX_L2
742a4f9c-feff-445f-9032-82c3e57b6767	Run0224_AC3JF3ACXX_L4
dbb46709-3d21-44c0-a3d4-79399b0ef583	Run0208_AC2LDDACXX_L4
b312b685-290d-43bd-9637-2b18309c3d64	Run0196_AC23BRACXX_L5
3cb9d186-9ec3-40e9-8977-358fecb98635	Run0223_BC3JDHACXX_L1
30f40a8e-9045-4be7-9e23-099227677e04	Run0290_AC699YACXX_L3
d9c68fc6-6337-4949-aa8a-318484f7a84a	Run0223_BC3JDHACXX_L2
3f5580b1-638f-4b27-9d03-a203adba170b	Run0253_BC4H6AACXX_L8
1c6e1157-41c2-4a02-bc29-5a24dcdba401	Run0253_BC4H6AACXX_L2
b4ebbbed-3399-42e6-bcf0-f7bdf2f468b8	Run0343_AC87WGACXX_L4
cf993c25-2e12-4ef8-88b8-b7d18f2161df	Run0343_AC87WGACXX_L4
789fcf11-b926-454b-a56d-04e388cbb82a	Run0231_AC3NBVACXX_L5
43b40a85-8d3d-4b77-a923-753bf9c33080	Run0248_AC4D43ACXX_L6
a5658c19-8a51-4e2a-a90c-aad6d6e372cc	Run0256_AC53WMACXX_L7
d44a9c00-5d01-4efb-8b87-7f11566a0898	Run0257_BC53U3ACXX_L3
d3151e93-9bb6-46a5-b3d8-23e9bbd0b027	Run0247_BC4972ACXX_L3
ccf53e8c-35ed-4bd5-bce3-de7b20525067	Run0248_AC4D43ACXX_L3
ca9aad1c-99f8-4603-8659-23cc91976f41	Run0256_AC53WMACXX_L8
b6b50da2-f5b7-4138-855e-05a6d0d4f4fd	Run0253_BC4H6AACXX_L3
906d0afe-4af8-436e-8607-846423c27dbb	Run0248_AC4D43ACXX_L2
3e1f956a-3ee9-4100-aa9f-8e83ab5ed91a	Run0224_AC3JF3ACXX_L4
182e1b7a-ae40-4376-9725-7c6256eba52f	Run0290_AC699YACXX_L2
ea86bbe4-1ba0-4fb6-a87a-aae23b1bdc1c	Run0208_AC2LDDACXX_L4
0fc73adb-43df-4e87-ae44-e2f26b594518	Run0253_BC4H6AACXX_L4
f5f90623-b0a7-45a0-896d-55d443811028	Run0247_BC4972ACXX_L8
e434d2fa-26f6-448d-85ee-d0ded7ef37cc	Run0247_BC4972ACXX_L5
197ba487-ee2d-4a9d-bc8f-a73b7ee63c59	Run0246_AC48UDACXX_L5
073f2486-d20f-4cfb-9f9b-049bfb0dff21	Run0256_AC53WMACXX_L7
1d4276ad-6f92-4cf1-b0f0-ed5d4a68e0a9	Run0253_BC4H6AACXX_L8
df8c1483-f2be-4c0c-93f0-24ded32b6065	Run0253_BC4H6AACXX_L5
6b049295-6ac4-4ee3-be84-0ccbf2bc32f9	Run0253_BC4H6AACXX_L4
2743ab29-5685-4cb9-95ce-5a72db0b0dec	Run0215_BC2NRKACXX_L7
16128693-7b43-4837-a66c-2b6e1adbf9b6	Run0231_AC3NBVACXX_L6
d2b49a37-f751-47cc-a54f-698ab8905511	Run0248_AC4D43ACXX_L7
173b39d6-776c-40db-b845-998cb90b2f2b	Run0248_AC4D43ACXX_L4
47728146-132b-4c86-93a9-67508df302b2	Run0290_AC699YACXX_L5
e6c05152-348f-4468-8992-0465c4ffbb5a	Run0231_AC3NBVACXX_L8
8a6dda19-cd60-4929-bad7-26ba009429a4	Run0343_AC87WGACXX_L5
7c3bbf3f-3165-4c84-a7e0-7b5c0dc016ca	Run0247_BC4972ACXX_L2
59fa0fa7-1eb3-4045-8a3f-b2ee64a4c694	Run0253_BC4H6AACXX_L3
0d8c56fc-8916-4115-85e1-b5e591336621	Run0215_BC2NRKACXX_L7
8492b28e-3ebf-48fb-8e50-bf407f1fdb88	Run0288_AC698EACXX_L2
806ab5df-70ff-4fb3-b7fc-4a3d138d22eb	Run0231_AC3NBVACXX_L8
8757eb14-ec67-421b-b115-a884df618537	Run0231_AC3NBVACXX_L6
964ed29f-b09d-418a-80b4-e36bc4c37d9d	Run0343_AC87WGACXX_L4
d946aa76-8e61-41e7-9aae-deaa6fdc3088	Run0232_AC3NWRACXX_L7
52168f23-ff28-4fed-9038-7be68c8c8646	Run0224_AC3JF3ACXX_L1
be33820e-20a7-41c5-9c0c-c96283658151	Run0248_AC4D43ACXX_L2
3e2ff05f-7986-4bf8-bef7-68aad0e72940	Run0253_BC4H6AACXX_L2
a4a7ecc0-a7e9-491f-9a0c-9d63bcca86b8	Run0343_AC87WGACXX_L4
1517fec5-cb58-494b-b3e7-3c4bd6c99e08	Run0248_AC4D43ACXX_L5
e8bb519c-cb79-4103-82c1-3826fbe10d50	Run0224_AC3JF3ACXX_L4
d1be8fe7-70d8-43d2-bf4a-e12e9a0413a6	Run0248_AC4D43ACXX_L7
f16cf17d-7001-4cec-94a7-b570ad448134	Run0208_AC2LDDACXX_L2
841ecfd2-7511-4981-a050-52d3609c7a6a	Run0248_AC4D43ACXX_L2
91f4a80e-ba3d-4315-a701-9242e5a41f69	Run0292_AC699LACXX_L4
0de16dc9-4387-4a50-b235-184d7c5cfd0c	Run0208_AC2LDDACXX_L2
03e3d27d-9060-47c2-b41e-39b378cae77e	Run0253_BC4H6AACXX_L1
bf9d49d8-0a4a-443b-ad78-6f8445269b8c	Run0215_BC2NRKACXX_L7
6062c14b-51e5-40b0-b1be-2ac762212403	Run0231_AC3NBVACXX_L6
716557bd-433e-4f75-ab12-19caa45b4180	Run0221_BC3H8JACXX_L5
b915db46-627a-40c2-9d55-9a3e34dc697f	Run0257_BC53U3ACXX_L2
7ea2bb18-e5c2-4947-994a-6e8c43f9b41e	Run0257_BC53U3ACXX_L3
192b3479-d237-42e4-a635-4a961cc5d2a4	Run0223_BC3JDHACXX_L2
48d62678-5b13-40d2-8d71-56e9b047322b	Run0257_BC53U3ACXX_L7
defb053d-aca9-41a2-80ea-4dafc1b498e6	Run0290_AC699YACXX_L2
5e3f64cb-b1ca-47be-93b3-a39cce8aa6db	Run0257_BC53U3ACXX_L3
3e980380-bcba-4811-8491-617d0eb10469	Run0247_BC4972ACXX_L8
7e644d80-8f4f-4c3a-8f96-704235adf51f	Run0247_BC4972ACXX_L3
81fc760e-8757-40da-b4c4-f0d2e06940de	Run0248_AC4D43ACXX_L4
ce1af5b5-a52f-404a-8ab3-7b4f79abc51c	Run0253_BC4H6AACXX_L8
f254ac5b-ee1b-4a4a-b49e-6ea4452b884d	Run0256_AC53WMACXX_L7
08a839ef-5755-4073-b85e-8895884618c7	Run0224_AC3JF3ACXX_L3
b61cdd3b-8369-4b63-ba51-d996a818ed98	Run0257_BC53U3ACXX_L7
4d6a51b4-5b04-4d0a-b3fa-48e491f77cc8	Run0248_AC4D43ACXX_L5
4db168af-63fd-4d91-bf0f-d5203d626c3b	Run0221_BC3H8JACXX_L6
8c0214ef-c604-4503-9bbc-a775768ccbff	Run0223_BC3JDHACXX_L1
eefaefef-1d5b-4341-85b0-95695bd34942	Run0257_BC53U3ACXX_L3
7199d6df-2b9a-4545-84d4-9d017fb7d50f	Run0257_BC53U3ACXX_L6
0cfb0ec4-b59e-46ca-915e-a324913212e9	Run0231_AC3NBVACXX_L6
f4d9cc2d-cc93-4ec8-b361-788f07f72295	Run0248_AC4D43ACXX_L5
aef8c37a-3a4b-4ebe-8871-7a3db5fc43b9	Run0247_BC4972ACXX_L4
fe77a93c-48a9-488a-80d9-69f436a13d59	Run0290_AC699YACXX_L2
13f66c28-dbcc-4e36-a4df-92404c5a84c8	Run0253_BC4H6AACXX_L4
d1146870-11cf-4d94-b465-1ca546e4698e	Run0253_BC4H6AACXX_L8
eb084f4f-6b6d-4792-b8db-5045f4e11174	Run0231_AC3NBVACXX_L5
46bb4349-8311-429e-9b68-6fd7df7ab3a1	Run0288_AC698EACXX_L2
21bf62fc-d5a2-4dde-8108-4f55044738b4	Run0253_BC4H6AACXX_L4
bdf50b88-657a-49d9-85e7-a3f284fcbf7e	Run0290_AC699YACXX_L2
f52ca8fe-2cc9-48c5-8d57-301a7efcf5c8	Run0253_BC4H6AACXX_L7
d3c1af7e-58f7-4e37-afe4-adfbb3359969	Run0253_BC4H6AACXX_L2
48513b6b-61d1-4613-9ca1-839fa5876e2a	Run0215_BC2NRKACXX_L7
50565ae0-9bb3-47cb-b3e2-31b6489fd5b5	Run0247_BC4972ACXX_L4
b637bba9-2637-4240-b736-4fdaf976f78d	Run0248_AC4D43ACXX_L5
ac974e70-c63c-4fce-bfa2-3d2beec9c984	Run0253_BC4H6AACXX_L6
6858bd8d-58d5-4c41-9012-8816e11e3166	Run0246_AC48UDACXX_L5
b600fee2-a752-4060-b5cb-d4adb1ca846a	Run0248_AC4D43ACXX_L6
77d84c1b-4d2a-4f71-bcdb-f7fe5fbffd71	Run0290_AC699YACXX_L2
08a9ceb1-bb0c-44e0-9a4b-35a8707afc29	Run0290_AC699YACXX_L2
f24c9f3b-2fde-4463-b8f6-45bb59e00d31	Run0221_BC3H8JACXX_L5
8d39d8a4-87a5-44a0-9795-401819c78fde	Run0253_BC4H6AACXX_L3
bf5875df-2f98-4bfa-8eaa-353ff6b5d8fc	Run0292_AC699LACXX_L4
4df4cc32-a3d8-44ad-8a69-27d1f8330ef6	Run0215_BC2NRKACXX_L7
2a4f8361-3ce8-4a70-ae51-cd8b3711166b	Run0257_BC53U3ACXX_L3
d52be6f6-0ef5-4fee-a5cf-8f9a74939861	Run0292_AC699LACXX_L4
d5336ed4-705e-4d32-a5bf-ee9fa81bef61	Run0248_AC4D43ACXX_L2
28191fe9-4b80-4c3a-b398-fb33a88b841f	Run0253_BC4H6AACXX_L5
7efa191d-bc02-4272-ba7f-500f34093aa5	Run0248_AC4D43ACXX_L6
f30a017e-f075-41f6-b3b9-4a91cad69245	Run0248_AC4D43ACXX_L4
664b5ff8-60ee-4139-8a8b-11ca29551239	Run0221_BC3H8JACXX_L6
a067f660-c3e8-4442-91ae-985a50f4f23b	Run0292_AC699LACXX_L4
f68e8850-b75f-4424-8927-e66c1d305aaf	Run0248_AC4D43ACXX_L5
62d68799-7586-4e63-8428-026e9e16cb5a	Run0231_AC3NBVACXX_L7
e9488ef0-b35b-4166-9d9d-d1fc9a57b925	Run0292_AC699LACXX_L4
720598e9-aae7-4a4e-a137-66bbbd2d570f	Run0256_AC53WMACXX_L7
a8585b97-898d-4673-925d-ce3c45c138b4	Run0284_AC5WN7ACXX_L5
b5d069bf-09ff-40e6-b1d8-34cfc2660a5d	Run0256_AC53WMACXX_L7
a6df5f26-e6bc-4829-911d-5f67348813c2	Run0248_AC4D43ACXX_L2
97884c1d-bdef-45e2-8c56-95f559143894	Run0208_AC2LDDACXX_L2
f339f8ff-7d58-4182-a399-3e1d21dd3da6	Run0231_AC3NBVACXX_L5
5371ad92-a85e-449c-8044-c665aab57d5d	Run0224_AC3JF3ACXX_L2
051b6299-8b6a-47ce-adab-62981c184bdc	Run0256_AC53WMACXX_L7
9770116d-5473-4449-baf2-e5f0d01b8d1b	Run0253_BC4H6AACXX_L3
971d4cfa-4cdf-4b6f-b084-9b9132e7f6fa	Run0231_AC3NBVACXX_L8
df501ae7-6403-49dd-90ef-26fe7f07239a	Run0292_AC699LACXX_L4
39826b74-24af-4157-9b00-400304d3a9c2	Run0246_AC48UDACXX_L6
e0dd9bf3-98c5-4156-a177-88cad24168ef	Run0248_AC4D43ACXX_L5
d7040998-0783-470e-b61d-2684fecdc2ae	Run0290_AC699YACXX_L3
ddd303ee-5e47-414f-a3e3-0b9d64e3c748	Run0248_AC4D43ACXX_L7
6e4dd8de-8e5a-44d9-92da-fc9854bb5a62	Run0253_BC4H6AACXX_L2
b6b9299f-d89d-4d65-ad0f-2b753f29ae71	Run0246_AC48UDACXX_L4
ee529783-958d-4b03-bd0d-9fa06db76c2a	Run0343_AC87WGACXX_L4
784b11ef-bd72-48ce-a853-167f5d817e27	Run0257_BC53U3ACXX_L3
30d21a1d-9476-4080-8f43-bd323f40a072	Run0247_BC4972ACXX_L3
2f93667c-852e-493e-9bbd-c73b702abdb4	Run0257_BC53U3ACXX_L2
00594940-dcca-45b5-a964-ffacdcdf4edc	Run0256_AC53WMACXX_L7
a59ec548-cdf5-4712-b992-5edef6caaebc	Run0253_BC4H6AACXX_L4
99891f3d-9894-4eb0-a972-953550b1749c	Run0290_AC699YACXX_L3
325429b0-ddd1-45eb-b1a2-a33ac7719f6e	Run0247_BC4972ACXX_L5
15b7bd8b-ca6c-4f10-ad42-e5092143aa15	Run0248_AC4D43ACXX_L6
f6f42323-3d52-4c8a-9480-3dc00ecfb7cc	Run0224_AC3JF3ACXX_L3
2be524e3-af3e-40ae-9bc6-cbeef02e811f	Run0248_AC4D43ACXX_L5
014fb259-610f-4482-8b43-a8632d69e8ac	Run0257_BC53U3ACXX_L7
d93b5b5d-ca6a-4cc9-8a4c-786f07b2b44f	Run0215_BC2NRKACXX_L7
a38b5dd2-b543-4f0e-a4fc-b396a671317b	Run0246_AC48UDACXX_L4
3749b03a-d83b-429f-85b9-a25f30ff5092	Run0248_AC4D43ACXX_L4
cd7f7d68-9224-41e7-837a-aae4f7a91838	Run0247_BC4972ACXX_L3
0309b409-551a-4e29-9e70-20f4c381a189	Run0247_BC4972ACXX_L3
b02c9133-5579-4451-b69f-645a6120ad5a	Run0202_AC2KPCACXX_L5
7b0bf5a0-2259-44c4-8526-3e83b61512ad	Run0224_AC3JF3ACXX_L1
8163f104-e30b-41ce-997b-079bcbbee5fc	Run0196_AC23BRACXX_L5
6c8c581b-9ac3-4d7c-b2c5-4b5f2ee96e88	Run0224_AC3JF3ACXX_L5
3caefcfe-79aa-4529-b464-b54b1646ded0	Run0246_AC48UDACXX_L4
2a7e7d94-616d-44de-a9f4-2dcdb7268fc4	Run0253_BC4H6AACXX_L8
44226335-da08-4036-979f-ecf5e256034a	Run0247_BC4972ACXX_L6
56322591-f4bc-4301-9086-35ec86b2fb59	Run0231_AC3NBVACXX_L5
81d57faf-486d-41ad-8bc2-35813663f0b6	Run0248_AC4D43ACXX_L7
1e467bea-543f-4d1f-a78c-7eb8f6d392cc	Run0247_BC4972ACXX_L5
bc24cc21-bce3-4cca-9b1f-9a994950c4fb	Run0256_AC53WMACXX_L7
b83d2670-804f-40f6-bf9f-e9db331d6dca	Run0247_BC4972ACXX_L3
6bcb8690-6b29-4044-9b81-268aa37e69b8	Run0253_BC4H6AACXX_L5
604a5bf8-5bc4-4087-88a7-c2df207e8419	Run0253_BC4H6AACXX_L4
6ce9e232-0255-4814-967e-c3dfdf840640	Run0253_BC4H6AACXX_L7
59e31363-727d-433e-a684-02cf47adf9b4	Run0231_AC3NBVACXX_L7
1d9226d8-1c55-4585-9caf-6c1093a252d3	Run0246_AC48UDACXX_L6
297dac9b-d5c1-4ab1-891f-8868ca3880ba	Run0248_AC4D43ACXX_L7
568bd255-a70a-4021-a1a8-da09050c1bcb	Run0229_BC3N7TACXX_L2
4d2b2776-32a2-4cb9-9ccf-9962b97a8fb4	Run0253_BC4H6AACXX_L3
c5994bc4-f1cd-4002-8c2c-be4276a38696	Run0257_BC53U3ACXX_L6
a9a83646-2971-4afd-ae23-6b8ada70a915	Run0248_AC4D43ACXX_L4
3b95e3af-aff5-4904-8763-57cc877e6b06	Run0208_AC2LDDACXX_L4
88dade03-d7e4-4006-a7ea-5187521d8c44	Run0248_AC4D43ACXX_L5
8fd7ed70-c147-4f71-94ee-61a923beee3a	Run0248_AC4D43ACXX_L3
65a3621e-08b4-462d-9bba-b49d60d2aafd	Run0246_AC48UDACXX_L6
f3bfb56f-fc9d-48dc-aca4-2712a09b0511	Run0229_BC3N7TACXX_L2
e1f20e19-40bf-4bdb-945d-d1ab8fd4c39a	Run0257_BC53U3ACXX_L7
e907bd20-044a-4cbf-8945-1384e9e5c37a	Run0253_BC4H6AACXX_L2
facff356-8edd-45b1-a329-58b25029fbc8	Run0253_BC4H6AACXX_L4
e9172fc9-5c07-45f4-83e0-302b62230bef	Run0247_BC4972ACXX_L7
8f457176-e42a-4562-aca5-b019d3355154	Run0253_BC4H6AACXX_L3
d351ee9e-6dcd-4972-8499-47aa49df0196	Run0257_BC53U3ACXX_L3
9ea22af8-3005-48f9-b175-0c1bc3fed9cd	Run0257_BC53U3ACXX_L3
5660afd6-b57b-4bcb-8f98-b84039f286ce	Run0248_AC4D43ACXX_L7
b3c10cd6-9398-422a-8b75-dc7d21fd20b5	Run0247_BC4972ACXX_L2
15677860-0dbb-4dc9-9cc0-9f48bcaf3797	Run0224_AC3JF3ACXX_L1
ac1671f1-88e2-499b-b71d-3f79f20037f8	Run0248_AC4D43ACXX_L3
429cc89b-8a8e-4f45-aa93-201f20115262	Run0253_BC4H6AACXX_L4
513f50a9-73ca-447c-a000-471e7498be0d	Run0248_AC4D43ACXX_L7
f1557241-ecf7-440d-9e22-259c2d9ed21d	Run0288_AC698EACXX_L2
345f1de1-c48a-468a-b68e-f55946c91856	Run0247_BC4972ACXX_L7
e1c782d4-e9d4-4907-ac7f-00203ad3a9e5	Run0248_AC4D43ACXX_L2
87fa96d3-dce7-424f-975d-ecb6e4e0ac07	Run0231_AC3NBVACXX_L5
e3260eb2-7ad9-402c-90b2-9971af7dadf0	Run0343_AC87WGACXX_L4
67d65129-3366-41d0-b622-828176db50d3	Run0290_AC699YACXX_L3
a364af71-a679-42ce-b2e1-0e05e5743e31	Run0202_AC2KPCACXX_L5
279f2acd-3bbf-46fb-837a-297d31b2d52f	Run0231_AC3NBVACXX_L5
bf738328-f6b9-4e3d-aff4-5f13e194c129	Run0246_AC48UDACXX_L4
2c20a2aa-c8ef-41e2-a942-0c5ad02765dc	Run0256_AC53WMACXX_L7
f6b90555-5736-4b0e-a1a5-3838a5f376ac	Run0231_AC3NBVACXX_L7
3805e3df-80da-40f2-93ce-5c4fdf6ddc33	Run0290_AC699YACXX_L2
549da251-bd13-4e13-8b3d-6dae76509ebf	Run0257_BC53U3ACXX_L3
b2d43095-3f00-4277-aa73-0af0177d9533	Run0288_AC698EACXX_L2
d5e48426-36bc-45b9-b6b2-84b27c95c82e	Run0253_BC4H6AACXX_L3
331f75f8-4000-4e06-886c-f4c94531cf5f	Run0284_AC5WN7ACXX_L5
57c85acd-6d29-44b8-a018-97f53f42a1e6	Run0247_BC4972ACXX_L7
5a17b393-569d-4294-8f70-7e7ed9c4598c	Run0256_AC53WMACXX_L7
9f8b71ef-6e1a-4264-bbbb-5dcdf64768ca	Run0253_BC4H6AACXX_L7
a4a8251f-7743-4957-b5fc-309ea3a0ba46	Run0208_AC2LDDACXX_L2
1f242f00-fd44-447a-9b0a-7ecdfd8591b0	Run0248_AC4D43ACXX_L7
ad4f94c6-b088-4676-b6cc-e4b47791058e	Run0208_AC2LDDACXX_L4
d9d75d9e-bec9-42f2-b163-242d330edc52	Run0290_AC699YACXX_L5
bb7e67f1-5677-433b-bb6a-ccf2f01248ca	Run0253_BC4H6AACXX_L8
8d0e9007-c947-4460-9348-1024fca15a06	Run0247_BC4972ACXX_L1
a987c81b-7188-4cf6-ba7f-89d66d2984c1	Run0248_AC4D43ACXX_L4
fd986a06-8155-462a-9e0d-09f858d3dd8b	Run0253_BC4H6AACXX_L2
34d1baaa-408a-4e8e-81fc-3b0368555a05	Run0223_BC3JDHACXX_L2
3347800d-c846-4e09-aee1-eea61e655494	Run0253_BC4H6AACXX_L3
32d75187-1096-4320-bea8-4d434cc15753	Run0247_BC4972ACXX_L2
b084b6a8-bede-474e-b16e-15198f585c31	Run0231_AC3NBVACXX_L6
74bbcec3-aa22-41d3-b4ea-e839fcec16bf	Run0253_BC4H6AACXX_L1
1db9a65c-67b0-4b42-823e-4aaf26af717d	Run0343_AC87WGACXX_L4
3b74d023-61f5-4eb1-a0c9-8b62e965a701	Run0253_BC4H6AACXX_L1
b4a132ee-3ca0-4f51-a937-acc6915c5134	Run0208_AC2LDDACXX_L4
4120678b-a5c4-401c-8294-c934ac8e102b	Run0343_AC87WGACXX_L5
e9af8527-fd9a-4bb0-85e4-db3703b34ad7	Run0343_AC87WGACXX_L4
0b2406ce-a9a6-4400-aa3b-0f856da25b1f	Run0247_BC4972ACXX_L3
99463822-a205-4878-99e4-0781d1553ac1	Run0290_AC699YACXX_L5
af8cf381-7c6a-4514-9fad-1e0e8e947938	Run0247_BC4972ACXX_L1
c9e025b3-3a9c-44f2-8795-8a07a21bb60a	Run0253_BC4H6AACXX_L3
188eb759-275d-4717-a6f9-1d985bbb62df	Run0248_AC4D43ACXX_L2
bf8a03c5-7c3f-41a9-afc0-aeb79c09dfb7	Run0247_BC4972ACXX_L2
f5e2a02b-f22d-453e-a57d-9fe1cdfa5650	Run0247_BC4972ACXX_L3
5262da47-f0a9-4b7c-ac4c-11ad8c4835be	Run0288_AC698EACXX_L2
d916679d-b920-4b00-ab7d-82a36103c166	Run0208_AC2LDDACXX_L3
18d970fa-eb85-4549-a488-0e7ed99068f3	Run0215_BC2NRKACXX_L7
325a4bd0-bb4a-40ec-a558-d2b565150928	Run0290_AC699YACXX_L5
f68f7d70-42f7-4431-81ab-d5464bf053de	Run0203_BC2KF2ACXX_L5
63224b99-6d7a-4a57-be67-362082466410	Run0256_AC53WMACXX_L8
552660de-d684-4b3e-89ba-54b8983d9501	Run0290_AC699YACXX_L2
83055d1d-47b4-48f4-b99d-596c0b263670	Run0223_BC3JDHACXX_L1
748026d5-3034-4a3b-8f73-cf28d88ab796	Run0247_BC4972ACXX_L6
12da8fd0-e21a-48a1-9e27-4485048bbc5a	Run0232_AC3NWRACXX_L7
406295bf-486f-446a-aac9-26f9e51026ef	Run0256_AC53WMACXX_L8
f45b71a8-d19a-476a-8b00-2042b2b8a50c	Run0253_BC4H6AACXX_L7
6954edf9-4a5e-4f5e-be89-951f5239fea2	Run0229_BC3N7TACXX_L2
b60d678d-63af-41c8-bb8c-25be2041933d	Run0208_AC2LDDACXX_L2
46cdb2b5-886d-4616-b331-821d76f817c9	Run0253_BC4H6AACXX_L2
7e31b0b5-b7bf-4ca1-802e-a64e0382ff54	Run0231_AC3NBVACXX_L8
83f5bc74-a345-418e-b0e2-e28b943f5ed5	Run0232_AC3NWRACXX_L7
9fc35ffe-c54f-4568-9989-0980ef7568d9	Run0290_AC699YACXX_L3
8f525d24-a892-492a-a357-50cbee9b54e6	Run0229_BC3N7TACXX_L2
875765c7-87be-457c-8cb4-1fd0eb7cda8d	Run0248_AC4D43ACXX_L4
d40c3a55-8d1d-46b5-9f94-7926c8366030	Run0257_BC53U3ACXX_L6
7a241b7a-e374-4612-89b4-213d865bcd3a	Run0290_AC699YACXX_L5
a3627cca-0698-4d45-82bb-1732da209c6f	Run0247_BC4972ACXX_L8
0d231718-6902-440a-8709-abb1ae2a8b48	Run0248_AC4D43ACXX_L5
42703f3f-7953-461c-848e-486fb700766f	Run0202_AC2KPCACXX_L5
b9b810e7-47cf-4ac9-80a5-17f73b87f1ed	Run0248_AC4D43ACXX_L6
b3d513af-d7a8-4643-bb6a-6109313712a7	Run0256_AC53WMACXX_L8
48a5dc87-09c1-46ff-b535-424756a699cd	Run0248_AC4D43ACXX_L3
2f0b2dbf-7fb8-4268-a39e-afc23e5e5345	Run0290_AC699YACXX_L5
eca04c89-650f-4d35-957c-8d299f0ebffe	Run0253_BC4H6AACXX_L8
99d4946a-38cc-484d-ae84-8ca9f5e046cb	Run0248_AC4D43ACXX_L5
fdd5b12f-15f1-4509-942e-7d3bcf86ae6d	Run0248_AC4D43ACXX_L4
0ba54b36-4c52-470a-9e86-68a6df7559f2	Run0223_BC3JDHACXX_L1
76b0c611-8d4c-47f7-a9f2-087969359ddb	Run0257_BC53U3ACXX_L6
e5296c85-b28a-4b37-9c23-8606cafa0271	Run0253_BC4H6AACXX_L3
15085c07-e221-4609-a1d7-606dba9506f0	Run0247_BC4972ACXX_L2
6875d59b-85f1-43be-bc1f-0e48bd6e4e91	Run0224_AC3JF3ACXX_L5
273d21e7-35d3-478a-9e74-4df61e2b0329	Run0247_BC4972ACXX_L6
83e0141b-5bb6-41ec-85d3-22ac46b47ec1	Run0253_BC4H6AACXX_L8
bbd6fd8b-0411-4633-bd6a-bcac5c0ff09e	Run0231_AC3NBVACXX_L5
146c5671-25d1-4a95-9038-8238820fa6e7	Run0223_BC3JDHACXX_L2
f0d77b32-54f4-4c11-9a3b-0bbf05bd87c1	Run0253_BC4H6AACXX_L2
8eb50b61-5dcb-4d18-a5ac-8be9778a9978	Run0253_BC4H6AACXX_L4
e04949cf-6b58-4bd9-b5b3-c6f71e1025f0	Run0208_AC2LDDACXX_L4
628dfd97-be36-40c2-a004-ec585afffd79	Run0253_BC4H6AACXX_L3
42bdf6f4-9961-42e3-865a-c4ab33a02b32	Run0246_AC48UDACXX_L5
af176fc7-dff7-4c6e-88a4-41d291ee9b47	Run0253_BC4H6AACXX_L4
13cb2bb9-3d97-42a4-b3d2-88ddb4ef39a8	Run0246_AC48UDACXX_L4
a751d259-e672-430d-b7f2-a43fbc9f0ac0	Run0248_AC4D43ACXX_L2
40eff8cc-3b94-40ee-a377-0669fa6248eb	Run0290_AC699YACXX_L3
62747620-7ca4-4907-a374-c645baa51472	Run0248_AC4D43ACXX_L2
ce70d291-6ee6-4416-80c7-decb65d66a2f	Run0247_BC4972ACXX_L5
735a839d-5a1e-47a2-b661-8b26077af5a7	Run0223_BC3JDHACXX_L1
7b0b3938-4911-427f-a2ba-82ca070e7269	Run0224_AC3JF3ACXX_L4
39542ac6-313d-410f-9220-4168a2553a3b	Run0253_BC4H6AACXX_L3
28d4f115-705e-46d7-ba63-087bc5de5815	Run0231_AC3NBVACXX_L8
60d11dce-7dab-4e0a-8b32-5e4fea91378e	Run0253_BC4H6AACXX_L7
a67e7be1-c871-4b2d-8734-68a6495a7f0c	Run0248_AC4D43ACXX_L6
a140561f-4444-4e73-b5bc-a8462821820b	Run0343_AC87WGACXX_L4
0970a601-0c85-450c-b9f7-04b2fcbbdb2e	Run0257_BC53U3ACXX_L7
31c7223c-ac6d-4dab-8fb4-d8a40af581d4	Run0247_BC4972ACXX_L1
81da2250-b3ba-499a-a911-c9a818ab52cd	Run0221_BC3H8JACXX_L5
afbcbb41-9421-4625-9866-8e148b71a015	Run0253_BC4H6AACXX_L2
d0d57715-eb17-402d-8319-8572bff06e51	Run0256_AC53WMACXX_L8
e2f588b8-d00b-4b7f-82ff-d67356c7671e	Run0253_BC4H6AACXX_L3
d49686b9-254c-4862-9259-71af7d463c44	Run0247_BC4972ACXX_L6
9eccc506-dc4e-4e5d-b752-b036e28a4382	Run0224_AC3JF3ACXX_L3
5e4d0a1e-3053-41eb-905f-2652faa2b1e4	Run0253_BC4H6AACXX_L7
156fcfdb-f17a-4952-97f5-9a4989678bb4	Run0221_BC3H8JACXX_L5
de991566-71f0-4b0a-8d76-1eec66eedfbf	Run0215_BC2NRKACXX_L7
cef2213d-ffa6-4552-a27c-e621a3f8ad31	Run0248_AC4D43ACXX_L4
f383897a-1ee8-46e8-90bc-a0844146739b	Run0248_AC4D43ACXX_L4
7179f970-5aba-4434-bf2c-849b85bf9631	Run0253_BC4H6AACXX_L1
2b4d3f30-8332-47e5-8701-b82708beb905	Run0253_BC4H6AACXX_L2
02dc5c88-f680-43a9-a99a-341c73c5b9b7	Run0246_AC48UDACXX_L5
13ae270d-bfc7-4ad9-8dd1-6174dc097aa0	Run0247_BC4972ACXX_L7
943fab5c-8b74-4bea-8190-71cb77237dcc	Run0224_AC3JF3ACXX_L5
10a05eab-946d-4150-b875-881263fbf62b	Run0232_AC3NWRACXX_L7
d887bb4c-981e-43e4-8dec-587ffca154aa	Run0343_AC87WGACXX_L5
37601685-9659-440f-8bfc-fc8bc25ca547	Run0248_AC4D43ACXX_L7
41606187-4c75-4711-ab2e-82d9c43ba18e	Run0292_AC699LACXX_L3
0ebd188d-4d30-4b56-b99e-65682bda832d	Run0257_BC53U3ACXX_L3
cdc0f5dd-e0a8-448a-babe-e732bba1e788	Run0232_AC3NWRACXX_L7
e271e40b-0cff-451a-a9bd-ff5f158de8f3	Run0223_BC3JDHACXX_L1
b49aef00-ae75-48fd-be66-fc7704363247	Run0343_AC87WGACXX_L4
6dd49c7b-b55f-4079-a833-1279bd18130a	Run0253_BC4H6AACXX_L3
12f4f089-c378-450e-ac98-042bbbf8d9f0	Run0231_AC3NBVACXX_L5
bfac71f8-6a3d-42b2-af8c-ca9f3f578962	Run0229_BC3N7TACXX_L2
ba5db131-9f77-4d91-a482-2a68836e3398	Run0253_BC4H6AACXX_L6
d1824235-8dd8-45b8-a722-495b32c252b9	Run0290_AC699YACXX_L2
709a6f67-5db9-4f14-ae0e-0afaf8e923b4	Run0292_AC699LACXX_L3
e990a2c7-f701-45e6-95d7-96e5287529a0	Run0248_AC4D43ACXX_L4
46733bc5-d94e-4309-a936-1aa104140b54	Run0247_BC4972ACXX_L7
730d7c3c-977a-4ff8-87d3-4b1314d34dba	Run0248_AC4D43ACXX_L5
859b8b45-531d-4e35-8ce8-044309c8d1c7	Run0248_AC4D43ACXX_L2
ef55da50-dde1-4954-b796-15839410caef	Run0221_BC3H8JACXX_L5
c54582fd-30d7-4420-a18e-ed378c0e4232	Run0247_BC4972ACXX_L2
4ad4e137-67d3-47a7-a414-edb31f22cc37	Run0247_BC4972ACXX_L7
7b10b3d9-5dc1-46f4-a08a-fb4e87fa2770	Run0247_BC4972ACXX_L3
6de0b8e2-5b76-400b-9a45-68fe6846ab8e	Run0231_AC3NBVACXX_L5
b6b814e1-0f0e-4108-946b-837e0b1b095f	Run0224_AC3JF3ACXX_L2
ccc7a08b-4313-4b6f-8df0-242a80d9ea5a	Run0248_AC4D43ACXX_L6
3f8cd718-7e25-45f0-b38e-f2d54ac67a17	Run0292_AC699LACXX_L3
2c159a4e-768a-4c4d-a52e-440064475f86	Run0248_AC4D43ACXX_L3
70c022e5-7757-4453-b8a2-5b18877bc913	Run0253_BC4H6AACXX_L8
e501c080-d6ce-4cdc-901f-325f4ad747ff	Run0253_BC4H6AACXX_L3
0d15d483-0c13-48f5-b79a-abcae5500af1	Run0221_BC3H8JACXX_L5
00d474b5-f3b6-4870-8a97-51ed547e2c08	Run0247_BC4972ACXX_L5
9ae4218e-e6de-4b6a-a791-d99527de7895	Run0253_BC4H6AACXX_L3
94f53b03-4cf3-48e9-af60-c59bd4f3e605	Run0231_AC3NBVACXX_L8
2b36c78f-ef79-453e-a63e-d572a669d219	Run0343_AC87WGACXX_L5
995c90a8-f4e7-467c-a9c4-111ff6dfa38e	Run0247_BC4972ACXX_L5
ed728961-e12b-49ac-b315-85719b6ddf7a	Run0247_BC4972ACXX_L1
c622a993-88ad-4db8-84d0-dd5897b3c266	Run0246_AC48UDACXX_L5
a2b1f4c6-139b-44cb-9f5e-8c926d1f0918	Run0343_AC87WGACXX_L4
338524e8-0af3-4ef9-aa69-c3d9fce3513a	Run0223_BC3JDHACXX_L1
879c1e25-0fcd-4e50-aad0-bd990757159a	Run0232_AC3NWRACXX_L7
9e2f6de2-6674-4610-a642-77574cc4a240	Run0288_AC698EACXX_L2
11f4077d-ff8b-467a-865b-e87b8341df07	Run0253_BC4H6AACXX_L2
fa51263b-d3ef-4e0d-85cc-f0443bc8c1c7	Run0247_BC4972ACXX_L3
3bbe706b-9391-4ae0-8000-7701232220fb	Run0246_AC48UDACXX_L6
58e1ced2-5aa6-4abb-a1de-40f68b76c4ee	Run0247_BC4972ACXX_L2
31ee0eeb-74a4-4a99-bffc-f7c2441a3c31	Run0247_BC4972ACXX_L7
391ecc56-24d6-4a4c-a280-3a2da026bf7e	Run0215_BC2NRKACXX_L7
55b8f6cb-1d48-4c9e-864b-a5dfe03ef6ed	Run0248_AC4D43ACXX_L5
20600855-506b-47f2-866a-cff7e12e6039	Run0257_BC53U3ACXX_L6
840868e5-3110-4e66-b5e8-dcd65dee6228	Run0248_AC4D43ACXX_L4
2c989c4e-6c6b-47bd-84f9-02117bea7bfd	Run0288_AC698EACXX_L2
a46eef6b-37f5-4cf0-8fb3-ad373154ec72	Run0253_BC4H6AACXX_L2
07b9de7a-ec68-468d-a899-7c41f182f314	Run0247_BC4972ACXX_L4
0a285f33-a374-4a5b-bef9-36f0ea8d1200	Run0343_AC87WGACXX_L4
0735cd2d-9be3-46a8-a463-8f0960018be4	Run0290_AC699YACXX_L2
c9805b56-d331-4703-a655-aa52fbfa5fbb	Run0248_AC4D43ACXX_L3
932d3464-92d6-4806-8b14-620ec2ab5fcf	Run0288_AC698EACXX_L2
c9c82a9b-3440-43c1-a655-4004701a6da4	Run0248_AC4D43ACXX_L5
df8de571-874f-4db2-862d-df4351f26c09	Run0229_BC3N7TACXX_L2
e758618c-c60e-4ed4-9171-e7e1221de086	Run0247_BC4972ACXX_L2
9caa7b15-8e72-432a-a52c-00ebf588a020	Run0223_BC3JDHACXX_L1
8039cf26-2b69-468d-917e-9dc85822f2bd	Run0253_BC4H6AACXX_L4
a5200c7a-4c2e-4bbd-a7d9-252ee6cf1fad	Run0223_BC3JDHACXX_L1
8231d973-a957-4b94-a0f4-c67713ec7cc0	Run0247_BC4972ACXX_L8
671b3124-c9d6-457f-b820-b5dafb15143a	Run0224_AC3JF3ACXX_L5
0c28da65-ef25-4188-8276-de8000b3391b	Run0253_BC4H6AACXX_L3
bef20026-bddd-4cc2-9623-ab3b47539b76	Run0231_AC3NBVACXX_L8
883e225c-3e05-467b-973c-bfdc4063929f	Run0253_BC4H6AACXX_L3
7151f767-cde4-4f85-918b-a313bf83121c	Run0248_AC4D43ACXX_L3
eb1e5748-c18c-430e-921f-274f07a7a166	Run0253_BC4H6AACXX_L3
0cf1e380-d238-4fda-94ed-253b7f554807	Run0248_AC4D43ACXX_L6
b5619d29-8319-4b0e-8ad8-16d8c0246473	Run0343_AC87WGACXX_L5
384d0d84-3af1-4245-ab36-7e143e357f3f	Run0343_AC87WGACXX_L5
4043d574-eba3-413d-a68a-c9605154986e	Run0221_BC3H8JACXX_L5
d7f2ee9b-5e28-4a04-a11e-95f1996576ad	Run0248_AC4D43ACXX_L6
84c5b54b-bb80-4938-91e3-8f637a85d1cc	Run0290_AC699YACXX_L2
22f2bc09-5a55-481b-9d36-1170ea739afa	Run0247_BC4972ACXX_L4
b095e778-8445-42e8-a45c-467fcf20be25	Run0247_BC4972ACXX_L4
683e6dc1-4d1e-4a50-8ad7-f289a64447fd	Run0208_AC2LDDACXX_L4
adbfcba5-cab3-483c-8213-23de82797f65	Run0253_BC4H6AACXX_L8
b21fce8f-45b8-4bed-ab99-031efbfe1fc0	Run0257_BC53U3ACXX_L3
ad0aea81-3f9c-4fb2-b953-fd2df5a044d5	Run0246_AC48UDACXX_L6
8999c699-fa45-4734-bcb2-a6b995e27076	Run0343_AC87WGACXX_L4
19cc03aa-694b-4fc9-b3c0-f7a2e4c44e0f	Run0253_BC4H6AACXX_L5
f0677000-e355-4f0e-a17a-8e351981aee6	Run0224_AC3JF3ACXX_L5
0e3349d6-9073-4ab5-bcf5-ac1608dba681	Run0248_AC4D43ACXX_L4
3b4e296a-5754-413b-b525-dc4b05ee5fec	Run0231_AC3NBVACXX_L6
e8356ea0-cd12-45ab-8829-7e3720b7f4db	Run0246_AC48UDACXX_L5
d526e37f-a11b-4af8-8980-a90b06fb0f65	Run0288_AC698EACXX_L2
d1e84eff-9f29-4727-833e-b7eeea27b1d6	Run0221_BC3H8JACXX_L5
189db6cb-7566-4f03-8d45-004ed8da440c	Run0253_BC4H6AACXX_L2
d14b9cba-b223-457a-b6a3-1656d91ad690	Run0231_AC3NBVACXX_L5
8e682dbc-d823-4252-99fa-785059780a68	Run0257_BC53U3ACXX_L3
dd30dd33-8961-4e25-ab3c-4c77f5f4ab3d	Run0224_AC3JF3ACXX_L5
ad9e7af9-f79f-4977-8914-492bde8a9dc2	Run0248_AC4D43ACXX_L2
4bd187c9-40d2-4642-820f-762d0e45ee87	Run0284_AC5WN7ACXX_L5
77397c35-de94-412f-a599-00e34ea4f2d3	Run0246_AC48UDACXX_L5
34a04fd4-f3fe-4b1d-aa22-596870651cef	Run0257_BC53U3ACXX_L3
bb20d69e-e169-42ac-97ee-7160b309a7e8	Run0231_AC3NBVACXX_L8
a42b6fa6-2fe9-4c22-bdd4-7b1acf50a24d	Run0248_AC4D43ACXX_L7
b9850630-5ae1-4511-9dc7-e0a602bf0983	Run0253_BC4H6AACXX_L2
616e8de2-f4ee-472d-83b8-1b1831cdc563	Run0290_AC699YACXX_L3
bed3b921-bc39-442d-9618-39d6962b563a	Run0223_BC3JDHACXX_L2
4dbf6e41-a771-4430-90bc-a043a992dd34	Run0253_BC4H6AACXX_L1
1976d3df-9f26-4b35-ba7e-7d6071b856df	Run0247_BC4972ACXX_L8
d9938c70-83ad-476f-a16b-40255a878149	Run0257_BC53U3ACXX_L2
a8687de4-f595-4120-9fd0-e770a28cd444	Run0290_AC699YACXX_L2
9556b7e8-d849-4b50-858b-945edf067184	Run0247_BC4972ACXX_L7
c910b108-42c6-49cf-859e-e91de42b06a4	Run0253_BC4H6AACXX_L2
586d331b-5d79-4eb1-8f4f-c0e99db080d4	Run0257_BC53U3ACXX_L6
19ba0215-fe43-44f7-b6c6-f2c72afb1be4	Run0253_BC4H6AACXX_L3
91c041d3-aba0-43b8-90e8-ee48d6db5755	Run0292_AC699LACXX_L4
7c68b863-d3d7-4473-8c0f-ec8f8c753fb0	Run0247_BC4972ACXX_L7
74e8a49a-12fb-49ba-aba9-2dda0bee5295	Run0253_BC4H6AACXX_L5
f7ec7a11-c29e-4090-b413-bb3ad2b7a52f	Run0224_AC3JF3ACXX_L4
7b2b58d0-a4ed-46e8-804d-472e5ef50829	Run0248_AC4D43ACXX_L5
0b84979b-f6f5-4c76-84bd-0a45535993fa	Run0248_AC4D43ACXX_L4
7f5721c6-636f-4fb8-bba9-2496a29be20b	Run0224_AC3JF3ACXX_L4
18f9ba7e-dd72-4f25-8086-61f0b634acd3	Run0288_AC698EACXX_L2
c0f6facb-db5f-448d-9515-efd82d619eb1	Run0253_BC4H6AACXX_L5
3ca72ca7-77f5-4204-8be6-e1b5094e2acc	Run0223_BC3JDHACXX_L2
f622474f-8a2d-43d3-bbb6-9bbb61708d4d	Run0248_AC4D43ACXX_L2
8300a25c-f9ad-4ee0-a661-cd2c398528fa	Run0246_AC48UDACXX_L5
5a8a3c6e-552f-44ce-a728-bd1d8eb8c027	Run0253_BC4H6AACXX_L2
ed2f9f46-6318-4a47-8e8a-1d78ad3258f1	Run0253_BC4H6AACXX_L7
8f31a1fe-48d6-4172-b877-3b6fbb77d317	Run0224_AC3JF3ACXX_L4
b5b271f4-1a7d-407f-8b51-d15db3d65338	Run0253_BC4H6AACXX_L5
24c15ba0-0beb-4a50-9c0a-6ec5d5018e8f	Run0232_AC3NWRACXX_L7
87bec318-7b3b-4833-8c58-d7337b0ccad3	Run0247_BC4972ACXX_L4
9deed2b0-56f2-43d2-b817-23474e000ebd	Run0248_AC4D43ACXX_L7
6d7d2e36-af73-46c4-b3d2-966d430469d0	Run0208_AC2LDDACXX_L2
372ed477-d20a-43d1-86d3-f595191373ca	Run0221_BC3H8JACXX_L6
dd6dd8da-77da-4acc-9f56-b86bbd36356e	Run0253_BC4H6AACXX_L3
1b63791c-f3a1-4e2d-9d36-40fed3b254ad	Run0253_BC4H6AACXX_L8
dcbb233b-d709-4843-a6c2-1340a0acadc4	Run0290_AC699YACXX_L5
fd617c56-221f-43f3-8bed-c3dbd63013cb	Run0256_AC53WMACXX_L7
c278079e-a7e9-4794-99c0-7f5f50fb300d	Run0248_AC4D43ACXX_L3
03ec5dd1-eece-49a6-ab65-3d38b00e9010	Run0253_BC4H6AACXX_L7
1e5c6674-64f7-4a7b-a0dd-6f17039935d9	Run0257_BC53U3ACXX_L2
927742e1-0157-4bbd-9851-04b90ed4b7b8	Run0256_AC53WMACXX_L8
9091b8a6-35cd-4fd5-93a9-a34471b51605	Run0257_BC53U3ACXX_L7
1e712c8c-37ed-4d04-84bd-8cfb2488bc4b	Run0248_AC4D43ACXX_L4
9cf1345c-ca89-4130-82db-7584f3e06d23	Run0248_AC4D43ACXX_L5
c7a17005-3d51-40aa-842b-3a7b2bbeb992	Run0221_BC3H8JACXX_L5
0505c47c-3f7c-4f82-aa45-2023e531be94	Run0246_AC48UDACXX_L4
87ff447c-ecad-4c35-8550-48ae183f933e	Run0246_AC48UDACXX_L4
8ed66e96-8139-4442-a3b6-840092a27394	Run0223_BC3JDHACXX_L2
8178dbf5-1697-42af-adde-b05e19adc9a1	Run0247_BC4972ACXX_L1
0a828054-e1b9-4afc-be23-22d6c52ad4b3	Run0257_BC53U3ACXX_L3
cf2c51d9-01cb-4658-bc42-97adf2087501	Run0253_BC4H6AACXX_L1
f8b8be38-05aa-4004-8ce8-aa5ebffa9009	Run0246_AC48UDACXX_L6
bc4230f1-50a0-4c36-870c-c895f8e49ee1	Run0196_AC23BRACXX_L5
8e04d928-3ee8-4f18-b101-f9a6341bb1c0	Run0229_BC3N7TACXX_L2
04ea41cc-f739-4285-948e-889e21ab0625	Run0256_AC53WMACXX_L7
f015793b-4d52-453b-900d-b882c5dacb49	Run0247_BC4972ACXX_L3
2c5a975e-4d9b-450a-bbb9-6dd1cba86d9c	Run0290_AC699YACXX_L2
4a4736ab-f97a-4315-9cd8-b88024ad021f	Run0248_AC4D43ACXX_L7
ec6edefb-b03b-4246-ba35-f683a7ee3818	Run0221_BC3H8JACXX_L5
b7e38a57-d1de-46f3-9278-0c8e1818e90a	Run0256_AC53WMACXX_L7
8c557667-045b-4160-aa76-866cd7e35d8b	Run0290_AC699YACXX_L2
81fe12b7-2206-4880-b1b9-6abcd3a27a68	Run0246_AC48UDACXX_L4
d801162f-34b0-4cd7-9d4f-39f84a58c9b9	Run0215_BC2NRKACXX_L7
847bc3d5-3e52-4959-8eca-5e02ba3c1242	Run0203_BC2KF2ACXX_L5
c1b8242b-0f54-4ff5-9bf1-8831ca643805	Run0248_AC4D43ACXX_L2
a3d3a86c-4c1a-42a0-8efb-78fbe582fa5f	Run0247_BC4972ACXX_L8
fa05044b-fdc4-4b6f-9ac0-414fea7b19e2	Run0256_AC53WMACXX_L8
584c0033-4102-4065-adf0-e61174e2dc42	Run0253_BC4H6AACXX_L3
68c851e4-f979-4792-84ad-102766f37f01	Run0221_BC3H8JACXX_L6
2d06232c-89da-450b-b8a0-5042df3cf5c0	Run0247_BC4972ACXX_L7
22ad4e19-2eee-4228-bd5b-2f9770d605eb	Run0343_AC87WGACXX_L4
76da2b69-f771-4e55-9192-9d589253672a	Run0223_BC3JDHACXX_L1
bb98e138-c70c-445c-b8b1-869dd9b2cd01	Run0208_AC2LDDACXX_L3
7675efae-29da-4eaa-b584-6b7ea6e12cee	Run0247_BC4972ACXX_L7
06b319b5-8b61-467a-8873-6d051acfe51d	Run0231_AC3NBVACXX_L8
b8edb5a0-3bd4-43d8-b00c-faca4859c5da	Run0284_AC5WN7ACXX_L5
1cfac428-6869-4eb2-9a16-db2efe431067	Run0248_AC4D43ACXX_L2
4cbb4ffe-5816-4171-a49c-60bbdd1e312f	Run0253_BC4H6AACXX_L4
02c39851-19f6-4d0d-92c9-9769f119abfb	Run0247_BC4972ACXX_L6
47274a90-be40-410c-b013-f9070dbb43f4	Run0253_BC4H6AACXX_L2
58b7e837-fde7-4519-b001-470e29e4abb0	Run0292_AC699LACXX_L3
5b5ed221-ea9f-4be9-993c-396d59580286	Run0292_AC699LACXX_L3
ff40b8fe-bd33-48b0-82fc-aec29962465c	Run0221_BC3H8JACXX_L5
264bae40-bd59-4e12-99ac-c8d4fab6bf10	Run0292_AC699LACXX_L3
53842a33-72c3-4bf2-a8ca-eb3f8c0411a2	Run0253_BC4H6AACXX_L2
30671235-6438-4838-988b-18870816a5c8	Run0253_BC4H6AACXX_L3
2fe27f49-76a7-4968-91f9-510e39e3889d	Run0253_BC4H6AACXX_L4
c0011982-9737-491f-9a84-166a34fd38f3	Run0290_AC699YACXX_L5
5186baa2-f320-4b8a-80a1-81122154a8f7	Run0231_AC3NBVACXX_L8
511152e4-6bb0-4c61-84c1-f9d7e95d9bbd	Run0253_BC4H6AACXX_L1
fd8d62df-8102-4907-8512-3ff6ff0424ad	Run0248_AC4D43ACXX_L7
39d5e253-ee50-4d6b-9914-de1e8e8e1e43	Run0246_AC48UDACXX_L5
0257ca18-292c-463d-bbaa-9f022b5663ce	Run0253_BC4H6AACXX_L3
b32d9a49-2cd8-4459-b114-615c13790500	Run0248_AC4D43ACXX_L7
c883af60-9f48-41b7-abff-b90cf43eae22	Run0223_BC3JDHACXX_L1
eab282ae-75ec-4dec-87db-90638a1fa27e	Run0248_AC4D43ACXX_L6
b6ca4695-96c9-4ab3-b72b-5fdf079df55e	Run0248_AC4D43ACXX_L7
08bf8f1b-2387-4fcd-b2c5-c859286d9b8a	Run0253_BC4H6AACXX_L4
84e9ca6f-a6e1-4ef3-a888-f4021231bdc7	Run0248_AC4D43ACXX_L7
e96cee07-0a13-4cab-8a2e-96e057d4bca4	Run0253_BC4H6AACXX_L4
f6da3a83-e5cf-4c8a-9ba2-01b7a5a6aae5	Run0248_AC4D43ACXX_L4
e6bd3f02-a626-41aa-b4a7-ffd989785323	Run0292_AC699LACXX_L3
7ab3c16d-ab37-471f-945a-202ba06578a1	Run0248_AC4D43ACXX_L2
3d1c9c64-2c46-4e0f-ae56-3c4b0d040909	Run0247_BC4972ACXX_L1
80bf59c2-048b-4edd-bb77-82e641f92b95	Run0247_BC4972ACXX_L1
ceffcb44-3a34-4b3e-9250-0e77e0d8fdb3	Run0248_AC4D43ACXX_L2
e4f32d3d-3848-4e97-ba1f-c110af3aafa8	Run0290_AC699YACXX_L2
86d2eea4-733d-48cd-9393-a9518894797d	Run0215_BC2NRKACXX_L7
22d37695-80b3-4a02-8c9a-830be81d57c4	Run0231_AC3NBVACXX_L8
c97f6392-7e4e-4dd9-905e-bd1b3d01a810	Run0215_BC2NRKACXX_L7
d56a5a19-0c7b-48b8-aa17-78a988ca8fa4	Run0284_AC5WN7ACXX_L5
19d8b02a-01f4-4cc9-9ff9-724a7e6bdb62	Run0231_AC3NBVACXX_L8
e5241952-a4c3-4489-9ebd-d1d8d3d2d927	Run0256_AC53WMACXX_L8
133830ac-7ecd-444a-94c8-46430065d42c	Run0247_BC4972ACXX_L8
be2002a0-7f21-4454-94fc-39df93590e46	Run0247_BC4972ACXX_L3
15f8163e-ab71-4c63-9bd6-1f66d80802cb	Run0343_AC87WGACXX_L4
713ac7ce-172d-412b-8c12-fca864ea5e60	Run0231_AC3NBVACXX_L6
7952270b-eb71-4848-9dc7-9972a11d5070	Run0247_BC4972ACXX_L1
5e554ca5-aaca-40f8-a573-ccd4c9130042	Run0231_AC3NBVACXX_L5
727e67c1-825f-4894-a0b3-c5bae026bea9	Run0231_AC3NBVACXX_L7
958431fc-9abb-4a64-b563-2ae94ed1bc0e	Run0290_AC699YACXX_L5
a04fa1e7-e050-4739-bbfb-432354d473e3	Run0215_BC2NRKACXX_L7
72518d82-c1e1-4998-9cc2-36ce96491c9c	Run0288_AC698EACXX_L2
9faa7e11-2073-46b7-8ee1-9b5332608d36	Run0253_BC4H6AACXX_L1
62ca8c56-2854-4be4-916d-ebcbce305dd6	Run0343_AC87WGACXX_L5
d06f25aa-f537-4052-acd6-e874b537ae86	Run0231_AC3NBVACXX_L7
ac305082-3092-4e0e-8ced-118d5231b7f8	Run0248_AC4D43ACXX_L2
4bf5a94b-4af7-4b51-8921-6422c3ef7ee2	Run0248_AC4D43ACXX_L4
f6fe81fc-57ca-49fb-921a-21e4984da72d	Run0257_BC53U3ACXX_L7
30974617-de7d-4cc2-bbe9-8e40531dcf51	Run0229_BC3N7TACXX_L2
b9c70268-bd4f-434d-8da7-ae99009c3ff4	Run0253_BC4H6AACXX_L2
3b737fcd-e633-4ae3-9f50-ed95d7d9bbd1	Run0248_AC4D43ACXX_L7
02ce40ee-f03d-4739-8ddf-f6bf21c3439a	Run0231_AC3NBVACXX_L8
c23f6017-98ac-4f4d-8098-20e6ba1ab7f8	Run0253_BC4H6AACXX_L7
c900ac01-45e4-4b09-ad7b-1fc72ea42e29	Run0257_BC53U3ACXX_L3
1fe8ab89-26c7-44ba-8249-2a6da31a7ddb	Run0292_AC699LACXX_L3
af3512d0-f6f9-4bdc-876c-a8394452a60f	Run0246_AC48UDACXX_L5
faf6c12f-57f0-4a97-b223-4f2bab89f802	Run0292_AC699LACXX_L3
de2eaa9b-db5d-4b43-8a24-d51591af9dcc	Run0253_BC4H6AACXX_L2
f4772311-e922-4b22-810a-23a9c25c24f7	Run0247_BC4972ACXX_L4
57a24908-afdd-4e05-b4a9-c6c0c0020c5f	Run0290_AC699YACXX_L3
b24b8c29-ae21-4076-80f0-4689584079bb	Run0257_BC53U3ACXX_L6
cc9c32a6-8203-4044-96ee-6a24f0aa8e09	Run0247_BC4972ACXX_L7
33469976-07bd-4804-a10d-ced9d7710661	Run0256_AC53WMACXX_L8
100a688f-14c3-48c0-858b-789027c2c73c	Run0215_BC2NRKACXX_L7
1531f26e-6f4a-4c44-957d-d0eb9d09a6f7	Run0288_AC698EACXX_L2
bbcfdd3d-8723-45cc-9e2c-a2a2d507dc47	Run0229_BC3N7TACXX_L2
0af7d7da-fde3-4b12-9c1e-2e05a3750457	Run0253_BC4H6AACXX_L2
fa4a78d9-f2fd-4669-b8f0-f94b6521bf0f	Run0253_BC4H6AACXX_L1
2ad40f29-9b3d-4ce3-9ca2-fb5eb5dc7bff	Run0257_BC53U3ACXX_L2
48694048-108c-46d0-afd4-683bba1393d5	Run0292_AC699LACXX_L4
a22dc380-f023-41c9-9be6-ca1d5b3e34de	Run0290_AC699YACXX_L2
403a1a49-7f22-4055-bf20-b77580194823	Run0248_AC4D43ACXX_L6
73849086-a6ba-4182-bbee-c5491babd08c	Run0253_BC4H6AACXX_L5
bfa0d813-c498-4da8-9808-96be0c2f15de	Run0231_AC3NBVACXX_L6
143b9538-0ee2-42cb-9737-7ea66c2352f9	Run0248_AC4D43ACXX_L3
a25d38bb-3613-46ce-b10b-ee2e4895008d	Run0256_AC53WMACXX_L7
0437d062-de76-44e2-90ba-4d328ba9fb74	Run0256_AC53WMACXX_L8
7afd45e5-da28-4943-9c9e-ab5ab54195a3	Run0290_AC699YACXX_L5
a0d8212f-575b-4d01-aec8-ef678ac2d337	Run0253_BC4H6AACXX_L5
2f9a0e9d-5511-49d2-bcc4-edb97b32f5b2	Run0247_BC4972ACXX_L1
20ee896d-1460-400d-9226-d967e324f5e8	Run0208_AC2LDDACXX_L4
74763974-143a-4295-b6e7-6dbb88812242	Run0253_BC4H6AACXX_L3
46bbbcbf-3c1f-40e2-9f92-ddaf6fc49d23	Run0248_AC4D43ACXX_L2
7c759081-40b7-4381-8791-f4bd0f4923f7	Run0257_BC53U3ACXX_L7