folder_name	RGID	RGLB	RGPL	RGDS1	RGDS2	RGSM	RGPU
6585350e-3309-45f3-882a-3383ae9b598a	SRR11798388	SRR11798388_LB	ILLUMINA	10X3v2	NovaSeq6000	KKD022N	NS500624:148:HVN2MBGX2:3
a2ffabb8-0e63-49fb-af25-224557927d42	SRR11798323	SRR11798323_LB	ILLUMINA	10X3v2	NovaSeq6000	dd49p	A00319:15:H7K3FDMXX:2
a0d61b5f-3729-4fc0-bc0e-a5073837c5d5	SRR11798394	SRR11798394_LB	ILLUMINA	10X3v2	NovaSeq6000	KKD023N	NS500624:148:HVN2MBGX2:4
8e698f51-b261-4368-8d62-344b17685ba2	SRR11798386	SRR11798386_LB	ILLUMINA	10X3v2	NovaSeq6000	KKD022N	NS500624:148:HVN2MBGX2:1
f1f0b5b6-9734-4da3-b1cc-ab7d8f8b8718	SRR11798402	SRR11798402_LB	ILLUMINA	10X3v2	NovaSeq6000	KKD023N	NS500624:148:HVN2MBGX2:1
548db57f-ff04-4283-b8cd-9d0f0bc0c810	SRR11798279	SRR11798279_LB	ILLUMINA	Drop-seq	HiSeq4000	BG9_25	K00208:YBP053:2
5edd2793-6c35-4a2a-aa5d-f27748fa5808	SRR11798320	SRR11798320_LB	ILLUMINA	10X3v2	NovaSeq6000	dd49p	A00319:14:H7HTLDMXX:1
ab5558cb-50f9-4937-9f45-72924336b4ac	SRR11798408	SRR11798408_LB	ILLUMINA	10X3v2	NovaSeq6000	KKD024N	NS500624:148:HVN2MBGX2:2
a12c0b58-74b7-4a16-8c97-737c2c5dd7dc	SRR11798409	SRR11798409_LB	ILLUMINA	10X3v2	NovaSeq6000	KKD024N	NS500624:148:HVN2MBGX2:3
88b4740c-f73e-4fa9-9995-d234200fe15f	SRR11798398	SRR11798398_LB	ILLUMINA	10X3v2	NovaSeq6000	KKD023N	NS500624:148:HVN2MBGX2:4
9a2c1049-0c87-4f2a-8e90-ef1c9dc8c349	SRR11798456	SRR11798456_LB	ILLUMINA	10X3v2	NextSeq500	ND16737_ALI	NB502093:47:HFLFMBGX9:2
269af9d6-c123-41af-8559-d9adec0c1791	SRR11798367	SRR11798367_LB	ILLUMINA	10X3v2	NovaSeq6000	KKD020N	NS500624:136:HCKW3BGX2:2
ff393761-ce7c-447b-b858-1d2b4eccbdde	SRR11798282	SRR11798282_LB	ILLUMINA	Drop-seq	HiSeq4000	BG9_30	K00208:YBP053:2
22de449e-9401-439f-88b5-c8ccd51b8f0f	SRR11798349	SRR11798349_LB	ILLUMINA	10X3v2	NovaSeq6000	KKD019N	NS500624:134:HFFV2BGX2:3
67a2c67b-8cfc-4660-9a51-1815bd7eb8d5	SRR11798428	SRR11798428_LB	ILLUMINA	10X3v2	NextSeq500	ND17494	NB502093:58:HHTKJBGXB:2
b955ed2b-f664-41f4-a6d4-d597ff7cea11	SRR11798355	SRR11798355_LB	ILLUMINA	10X3v2	NovaSeq6000	KKD019N	NS500624:134:HFFV2BGX2:2
275890a5-bcdc-485d-86e2-275e28d9b2e3	SRR11798304	SRR11798304_LB	ILLUMINA	10X3v2	NovaSeq6000	dd39p	NS500624:159:H2H35BGX3:1
760dcd77-8993-4e9a-96de-608bb80f84c4	SRR11798375	SRR11798375_LB	ILLUMINA	10X3v2	NovaSeq6000	KKD022N	NS500624:148:HVN2MBGX2:1
e27dd644-29e3-4097-b2bf-bc3c6270f1ee	SRR11798363	SRR11798363_LB	ILLUMINA	10X3v2	NovaSeq6000	KKD020N	NS500624:136:HCKW3BGX2:1
12c4c6fb-ec38-429d-8f68-d1cac8e5ab4a	SRR11798311	SRR11798311_LB	ILLUMINA	10X3v2	NovaSeq6000	dd39p	NS500624:159:H2H35BGX3:4
190f5532-e55c-4400-8ef0-8c0be6172e0d	SRR11798337	SRR11798337_LB	ILLUMINA	10X3v2	NovaSeq6000	KKCFFT32N	A00319:12:H57GGDMXX:1
1d0fb0ec-bbe0-43db-a85d-d32e7ab4d7fe	SRR11798339	SRR11798339_LB	ILLUMINA	10X3v2	NovaSeq6000	KKCFFT32N	A00319:12:H57GGDMXX:1
7ad33edb-97c6-46ca-8551-00ae0182b808	SRR11798446	SRR11798446_LB	ILLUMINA	10X3v2	NextSeq500	ND15656	NB502093:32:H32J5BGX5:4
5284e07b-a6d0-4c3a-9a53-3b650c3515ee	SRR11798458	SRR11798458_LB	ILLUMINA	10X3v2	NextSeq500	ND16737_ALI	NB502093:47:HFLFMBGX9:4
cf93af75-d276-4119-8219-3ee6dab39d8c	SRR11798476	SRR11798476_LB	ILLUMINA	Drop-seq	HiSeq4000	BG9_3	K00208:YAP056:1
d3d2cb67-450f-4462-acec-23aa6ed44ea8	SRR11798407	SRR11798407_LB	ILLUMINA	10X3v2	NovaSeq6000	KKD024N	NS500624:148:HVN2MBGX2:1
ebb6b514-9094-448d-aee7-11f3f185743a	SRR11798433	SRR11798433_LB	ILLUMINA	10X3v2	NextSeq500	CF301018	NB502093:35:H32FGBGX5:3
842d10d7-5726-4df5-a312-d7fa3bdade96	SRR11798426	SRR11798426_LB	ILLUMINA	10X3v2	NextSeq500	ND15989	NB502093:33:H32JKBGX5:4
520c3b05-007b-466c-bb31-d444d64db971	SRR11798421	SRR11798421_LB	ILLUMINA	10X3v2	NovaSeq6000	KKD024N	NS500624:148:HVN2MBGX2:4
5a0af0ac-399b-4d7f-ab7f-ed7c5db98f2d	SRR11798443	SRR11798443_LB	ILLUMINA	10X3v2	NextSeq500	ND15656	NB502093:32:H32J5BGX5:1
ee1b373d-7e34-41cf-a132-ff221308045f	SRR11798447	SRR11798447_LB	ILLUMINA	10X3v2	NextSeq500	ND15989_ALI	NB502093:35:H32FGBGX5:1
c1d76417-5f22-481b-b140-d5b825eb0a66	SRR11798432	SRR11798432_LB	ILLUMINA	10X3v2	NextSeq500	CF301018	NB502093:35:H32FGBGX5:2
61a52a55-53dd-4811-9ddc-0241b984716a	SRR11798294	SRR11798294_LB	ILLUMINA	10X3v2	NovaSeq6000	cc04p	A00319:14:H7HTLDMXX:2
666e5572-4d9d-4666-97ab-04ea4f7f17b9	SRR11798317	SRR11798317_LB	ILLUMINA	10X3v2	NovaSeq6000	dd39p	NS500624:159:H2H35BGX3:3
5193a8d0-2fce-48d5-86c6-cfbb9c9bdfd8	SRR11798389	SRR11798389_LB	ILLUMINA	10X3v2	NovaSeq6000	KKD022N	NS500624:148:HVN2MBGX2:4
9976e3e9-3cd0-481c-995c-1b25e08e8a4b	SRR11798477	SRR11798477_LB	ILLUMINA	Drop-seq	HiSeq4000	BG9_7	K00208:YAP056:1
7478c5d5-b829-4407-8268-07fcd08a3075	SRR11798449	SRR11798449_LB	ILLUMINA	10X3v2	NextSeq500	ND15989_ALI	NB502093:35:H32FGBGX5:3
2aa4db26-9cc9-410d-a33a-d561ec6ff78f	SRR11798281	SRR11798281_LB	ILLUMINA	Drop-seq	HiSeq4000	BG9_27	K00208:YBP053:2
e6474835-eb3c-46f0-9b15-bb9533e1348b	SRR11798424	SRR11798424_LB	ILLUMINA	10X3v2	NextSeq500	ND15989	NB502093:33:H32JKBGX5:2
85c44f55-13c1-4a89-ab82-ba21f3666960	SRR11798324	SRR11798324_LB	ILLUMINA	10X3v2	NovaSeq6000	dd49p	A00319:14:H7HTLDMXX:2
cba95d4f-7aff-42d0-b32c-aa0bd56c2cca	SRR11798415	SRR11798415_LB	ILLUMINA	10X3v2	NovaSeq6000	KKD024N	NS500624:148:HVN2MBGX2:2
a2578a83-55c3-44dd-9ee6-b3349f48e240	SRR11798362	SRR11798362_LB	ILLUMINA	10X3v2	NovaSeq6000	KKD020N	NS500624:136:HCKW3BGX2:4
a3436f9a-dc5d-4701-b419-9860ae69db4f	SRR11798335	SRR11798335_LB	ILLUMINA	10X3v2	NovaSeq6000	KKCFFT32N	A00319:12:H57GGDMXX:1
4ac0f7a3-cb4b-4c1f-bf79-c08aad54c9af	SRR11798333	SRR11798333_LB	ILLUMINA	10X3v3	NovaSeq6000	cf019	A00454:145:HL2N2DMXX:2
8c81df10-25c2-4072-badf-e0de465bc7d0	SRR11798437	SRR11798437_LB	ILLUMINA	10X3v2	NextSeq500	ND16737	NB502093:40:HFKT3BGX9:3
d5b67f87-67d9-4b4d-ae84-908c4cb9bdd9	SRR11798414	SRR11798414_LB	ILLUMINA	10X3v2	NovaSeq6000	KKD024N	NS500624:148:HVN2MBGX2:4
f6d49b4b-2e4d-4851-bb22-d764ea36e6fb	SRR11798345	SRR11798345_LB	ILLUMINA	10X3v2	NovaSeq6000	KKD019N	NS500624:134:HFFV2BGX2:3
b2e970e3-f5cf-4826-9004-32d823cf9be0	SRR11798438	SRR11798438_LB	ILLUMINA	10X3v2	NextSeq500	ND16737	NB502093:40:HFKT3BGX9:4
60fb4cb6-caf5-4f60-99cf-174ab4219fbf	SRR11798344	SRR11798344_LB	ILLUMINA	10X3v2	NovaSeq6000	KKD019N	NS500624:134:HFFV2BGX2:2
828f4f1c-260e-4695-84d6-c5dbe07fc240	SRR11798373	SRR11798373_LB	ILLUMINA	10X3v2	NovaSeq6000	KKD020N	NS500624:136:HCKW3BGX2:4
70fe5a12-89fc-4f98-a159-5add5272091d	SRR11798371	SRR11798371_LB	ILLUMINA	10X3v2	NovaSeq6000	KKD020N	NS500624:136:HCKW3BGX2:2
a4db15af-8324-486b-8fdc-65ddb964a442	SRR11798351	SRR11798351_LB	ILLUMINA	10X3v2	NovaSeq6000	KKD019N	NS500624:134:HFFV2BGX2:2
ac62b93c-a701-4bd3-abc3-1ad94c43380f	SRR11798444	SRR11798444_LB	ILLUMINA	10X3v2	NextSeq500	ND15656	NB502093:32:H32J5BGX5:2
6fb0fe02-2b1b-4610-81cf-126ea8c78237	SRR11798469	SRR11798469_LB	ILLUMINA	10X3v2	NextSeq500	DD046_ALI	NB502093:21:H33YWBGX5:4
e9dcbbfd-5b8d-4982-b330-5770236a6db6	SRR11798357	SRR11798357_LB	ILLUMINA	10X3v2	NovaSeq6000	KKD019N	NS500624:134:HFFV2BGX2:4
cedd068a-c4e9-4249-b5d0-79af66ecf4cb	SRR11798295	SRR11798295_LB	ILLUMINA	10X3v2	NovaSeq6000	cc04p	A00319:14:H7HTLDMXX:1
06705adb-fc74-4313-8491-6062e5606ba4	SRR11798466	SRR11798466_LB	ILLUMINA	10X3v2	NextSeq500	DD046_ALI	NB502093:21:H33YWBGX5:1
fae65391-f6a2-4950-a989-5f2a7fe8c9da	SRR11798318	SRR11798318_LB	ILLUMINA	10X3v2	NovaSeq6000	dd39p	NS500624:159:H2H35BGX3:4
12357c34-bcb0-4c69-8cac-b8977a066a0d	SRR11798364	SRR11798364_LB	ILLUMINA	10X3v2	NovaSeq6000	KKD020N	NS500624:136:HCKW3BGX2:2
6016e1a0-9618-4c22-9692-22b648d5be03	SRR11798384	SRR11798384_LB	ILLUMINA	10X3v2	NovaSeq6000	KKD022N	NS500624:148:HVN2MBGX2:3
bbf3422d-f7f0-4b72-b2b3-dcc454e51c4c	SRR11798361	SRR11798361_LB	ILLUMINA	10X3v2	NovaSeq6000	KKD020N	NS500624:136:HCKW3BGX2:3
c32530cd-7376-4238-8c9c-87793337334f	SRR11798397	SRR11798397_LB	ILLUMINA	10X3v2	NovaSeq6000	KKD023N	NS500624:148:HVN2MBGX2:3
b9b9d5c1-71c5-4d4b-8fe2-ad3b4bd52572	SRR11798479	SRR11798479_LB	ILLUMINA	Drop-seq	HiSeq4000	BG9_11	K00208:YBP040:1
8c30504e-5daa-4b26-abb1-7ed7e9fd37cf	SRR11798360	SRR11798360_LB	ILLUMINA	10X3v2	NovaSeq6000	KKD020N	NS500624:136:HCKW3BGX2:2
fc659641-ddf8-461d-9c65-32a06dbf03d5	SRR11798327	SRR11798327_LB	ILLUMINA	10X3v2	NovaSeq6000	dd49p	A00319:14:H7HTLDMXX:1
6f85112a-337e-44ff-9fcb-9dc9aa172480	SRR11798319	SRR11798319_LB	ILLUMINA	10X3v2	NovaSeq6000	dd39p	NS500624:159:H2H35BGX3:1
71012b3e-40dc-4a1e-aed1-6cee50b7e861	SRR11798471	SRR11798471_LB	ILLUMINA	10X3v2	NextSeq500	ND16932_ALI	NB502093:54:HC2KNBGXB:1
9325f7e9-f014-4f19-9d9b-ab2a89f99d24	SRR11798442	SRR11798442_LB	ILLUMINA	10X3v2	NextSeq500	ND15656	NB502093:30:HMKHFBGX7:4
692d6d11-271d-48ff-b462-2835c0ee7c97	SRR11798309	SRR11798309_LB	ILLUMINA	10X3v2	NovaSeq6000	dd39p	NS500624:159:H2H35BGX3:2
f05bb179-57df-4b6d-a0e0-3b33520ad3db	SRR11798459	SRR11798459_LB	ILLUMINA	10X3v2	NextSeq500	DD046_ALI	NB502093:19:HMKMFBGX3:1
ec931f96-2417-49f7-aa20-18fb00de1774	SRR11798296	SRR11798296_LB	ILLUMINA	10X3v2	NovaSeq6000	cc04p	A00319:14:H7HTLDMXX:2
26269edd-4a3d-4806-9040-b2390422bae7	SRR11798340	SRR11798340_LB	ILLUMINA	10X3v2	NovaSeq6000	KKCFFT32N	A00319:12:H57GGDMXX:2
919ab64b-6da8-414e-ac7e-ae890c6d5358	SRR11798484	SRR11798484_LB	ILLUMINA	Drop-seq	HiSeq4000	BG9_20	K00208:YBP040:1
f2b17f25-6306-4d6a-bff5-d70c07911c9b	SRR11798376	SRR11798376_LB	ILLUMINA	10X3v2	NovaSeq6000	KKD022N	NS500624:148:HVN2MBGX2:2
d486b292-f7ce-49ff-a651-4fddc4211e4b	SRR11798403	SRR11798403_LB	ILLUMINA	10X3v2	NovaSeq6000	KKD023N	NS500624:148:HVN2MBGX2:2
5bf7179e-bdbb-40b2-a772-5ff8efd3f84f	SRR11798332	SRR11798332_LB	ILLUMINA	10X3v3	NovaSeq6000	h18	A00454:145:HL2N2DMXX:2
537e5d9c-e53b-4d0d-8e94-703f4f38a019	SRR11798298	SRR11798298_LB	ILLUMINA	10X3v2	NovaSeq6000	cc04p	A00319:14:H7HTLDMXX:2
8a114d2f-0099-4af4-8e0e-752314cfce0b	SRR11798300	SRR11798300_LB	ILLUMINA	10X3v2	NovaSeq6000	cc04p	A00319:14:H7HTLDMXX:2
fb7ba64d-ed0b-4b70-944e-901a013107ee	SRR11798406	SRR11798406_LB	ILLUMINA	10X3v2	NovaSeq6000	KKD023N	NS500624:148:HVN2MBGX2:1
3d6a0ce5-8ce5-4238-bee4-c206300d2d12	SRR11798470	SRR11798470_LB	ILLUMINA	10X3v2	NextSeq500	DD046_ALI	NB502093:22:H3F5NBGX5:1
bfb6e0ff-3c2d-4caf-9836-377420dfb092	SRR11798445	SRR11798445_LB	ILLUMINA	10X3v2	NextSeq500	ND15656	NB502093:32:H32J5BGX5:3
d53f99d0-f3d4-4b81-b28c-99a0dbd67f9b	SRR11798368	SRR11798368_LB	ILLUMINA	10X3v2	NovaSeq6000	KKD020N	NS500624:136:HCKW3BGX2:3
a086d094-7e05-4863-899c-a42e0f9f78e7	SRR11798450	SRR11798450_LB	ILLUMINA	10X3v2	NextSeq500	ND15989_ALI	NB502093:35:H32FGBGX5:4
cee88e6e-5d6e-4eb7-a023-2d092fc24a87	SRR11798440	SRR11798440_LB	ILLUMINA	10X3v2	NextSeq500	ND15656	NB502093:30:HMKHFBGX7:2
4734c8c7-1804-4e96-9be1-1e72f1f84baa	SRR11798369	SRR11798369_LB	ILLUMINA	10X3v2	NovaSeq6000	KKD020N	NS500624:136:HCKW3BGX2:4
a8765fd1-f205-42ea-b025-1b4f28597369	SRR11798483	SRR11798483_LB	ILLUMINA	Drop-seq	HiSeq4000	BG9_19	K00208:YBP040:1
06b2cd0d-21e7-47ce-be8a-836e7b3d944e	SRR11798455	SRR11798455_LB	ILLUMINA	10X3v2	NextSeq500	ND16737_ALI	NB502093:47:HFLFMBGX9:1
21be1add-bb65-4e6b-bd94-b23784c7eaf3	SRR11798291	SRR11798291_LB	ILLUMINA	10X3v3	NovaSeq6000	cc02p	A00454:197:HLG7CDMXX:2
0fad743c-c673-4a8a-a1c3-424776a2013e	SRR11798352	SRR11798352_LB	ILLUMINA	10X3v2	NovaSeq6000	KKD019N	NS500624:134:HFFV2BGX2:3
6ff6094f-b931-41cb-a5b6-71cd1b737ebb	SRR11798452	SRR11798452_LB	ILLUMINA	10X3v2	NextSeq500	ND15656_ALI	NB502093:33:H32JKBGX5:2
18de9f2c-d84c-4fcf-89c4-93bc043e09c7	SRR11798331	SRR11798331_LB	ILLUMINA	10X3v2	NovaSeq6000	dd49p	A00319:15:H7K3FDMXX:2
648c4944-fd5b-4a67-ab37-590112cee1e5	SRR11798307	SRR11798307_LB	ILLUMINA	10X3v2	NovaSeq6000	dd39p	NS500624:159:H2H35BGX3:4
33808754-750f-40f0-900c-376a6bf85e78	SRR11798460	SRR11798460_LB	ILLUMINA	10X3v2	NextSeq500	DD046_ALI	NB502093:22:H3F5NBGX5:2
10f9e8a4-2273-4143-81ec-54694670e7fe	SRR11798283	SRR11798283_LB	ILLUMINA	Drop-seq	HiSeq4000	BG9_31	K00208:YBP053:2
a7c0cdd0-2cc9-43fb-9ad4-4eb1d0f52429	SRR11798465	SRR11798465_LB	ILLUMINA	10X3v2	NextSeq500	DD046_ALI	NB502093:19:HMKMFBGX3:4
2ff04f38-dd9d-4f17-a168-c53d5df9b41e	SRR11798430	SRR11798430_LB	ILLUMINA	10X3v2	NextSeq500	ND17494	NB502093:58:HHTKJBGXB:4
8eb00397-3bd6-4eec-ba88-9754306de691	SRR11798299	SRR11798299_LB	ILLUMINA	10X3v2	NovaSeq6000	cc04p	A00319:14:H7HTLDMXX:1
8e76eab3-db41-4f05-aeda-6a725b3e35c3	SRR11798385	SRR11798385_LB	ILLUMINA	10X3v2	NovaSeq6000	KKD022N	NS500624:148:HVN2MBGX2:4
cb4fed89-45af-4cb6-9f2b-17495f6ad7e7	SRR11798405	SRR11798405_LB	ILLUMINA	10X3v2	NovaSeq6000	KKD023N	NS500624:148:HVN2MBGX2:4
a2341aa5-3dcc-48e2-b521-a25989f2bb8f	SRR11798358	SRR11798358_LB	ILLUMINA	10X3v2	NovaSeq6000	KKD019N	NS500624:134:HFFV2BGX2:1
fb6e152f-d452-4817-b438-b3f65f4fe119	SRR11798314	SRR11798314_LB	ILLUMINA	10X3v2	NovaSeq6000	dd39p	NS500624:159:H2H35BGX3:4
ea286e06-b3ad-426f-b438-f053317efcec	SRR11798413	SRR11798413_LB	ILLUMINA	10X3v2	NovaSeq6000	KKD024N	NS500624:148:HVN2MBGX2:3
d6e60ff8-2b39-4fca-9224-57485a401782	SRR11798285	SRR11798285_LB	ILLUMINA	Drop-seq	HiSeq4000	BG9_34	K00208:YAP064:1
5e89c9ed-86e5-47f9-940d-6df0d65dc790	SRR11798353	SRR11798353_LB	ILLUMINA	10X3v2	NovaSeq6000	KKD019N	NS500624:134:HFFV2BGX2:4
7c987348-3d1c-4d4f-b665-60f52add0ef9	SRR11798328	SRR11798328_LB	ILLUMINA	10X3v2	NovaSeq6000	dd49p	A00319:14:H7HTLDMXX:2
147643cf-056e-4982-8872-7334158971f9	SRR11798288	SRR11798288_LB	ILLUMINA	Drop-seq	HiSeq4000	BG9_37	K00208:YAP064:1
345cb6d5-7590-4a44-9ed3-6273d3fa6fad	SRR11798289	SRR11798289_LB	ILLUMINA	10X3v3	NovaSeq6000	cc01p	A00454:196:HL7W5DMXX:2
82822807-a30e-49f7-9863-b90eb274e1fd	SRR11798303	SRR11798303_LB	ILLUMINA	10X3v2	NovaSeq6000	dd10p	A00284:36:H77CHDSXX:1
6b7a5d71-82af-4ed8-95c0-f316389176ab	SRR11798434	SRR11798434_LB	ILLUMINA	10X3v2	NextSeq500	CF301018	NB502093:35:H32FGBGX5:4
8a485f05-3f79-4010-be1e-15328eb00619	SRR11798404	SRR11798404_LB	ILLUMINA	10X3v2	NovaSeq6000	KKD023N	NS500624:148:HVN2MBGX2:3
c2c497fd-8e3d-49bb-b120-2fd0aa583a6a	SRR11798378	SRR11798378_LB	ILLUMINA	10X3v2	NovaSeq6000	KKD022N	NS500624:148:HVN2MBGX2:4
cea4a31b-159f-4d62-a618-fb3bc72e97c0	SRR11798330	SRR11798330_LB	ILLUMINA	10X3v2	NovaSeq6000	dd49p	A00319:14:H7HTLDMXX:2
b1b61be7-d365-4bd4-b758-0c22e3aef9a7	SRR11798420	SRR11798420_LB	ILLUMINA	10X3v2	NovaSeq6000	KKD024N	NS500624:148:HVN2MBGX2:3
55e1b2b9-3868-474d-b933-9f5cc6c78cfa	SRR11798280	SRR11798280_LB	ILLUMINA	Drop-seq	HiSeq4000	BG9_26	K00208:YBP053:2
7c4eaf20-bf2e-4353-bcc3-070abb687953	SRR11798387	SRR11798387_LB	ILLUMINA	10X3v2	NovaSeq6000	KKD022N	NS500624:148:HVN2MBGX2:2
d189f38d-12ed-45ed-b44d-09a2f6904747	SRR11798286	SRR11798286_LB	ILLUMINA	Drop-seq	HiSeq4000	BG9_35	K00208:YAP064:1
ee185b6d-166f-4e26-b6a2-48b99e00073f	SRR11798457	SRR11798457_LB	ILLUMINA	10X3v2	NextSeq500	ND16737_ALI	NB502093:47:HFLFMBGX9:3
302d54ff-f96d-499b-b6f0-58a10c27b856	SRR11798412	SRR11798412_LB	ILLUMINA	10X3v2	NovaSeq6000	KKD024N	NS500624:148:HVN2MBGX2:2
1abfc876-157f-4f7b-8f48-f9040c2e4968	SRR11798381	SRR11798381_LB	ILLUMINA	10X3v2	NovaSeq6000	KKD022N	NS500624:148:HVN2MBGX2:3
971130d6-83f3-4acb-95bc-12249433a28b	SRR11798380	SRR11798380_LB	ILLUMINA	10X3v2	NovaSeq6000	KKD022N	NS500624:148:HVN2MBGX2:2
6d1aa81a-5972-429a-a94b-5a1f1635f25a	SRR11798372	SRR11798372_LB	ILLUMINA	10X3v2	NovaSeq6000	KKD020N	NS500624:136:HCKW3BGX2:3
0621a3d0-148a-4d92-bf34-f6c33f2def12	SRR11798427	SRR11798427_LB	ILLUMINA	10X3v2	NextSeq500	ND17494	NB502093:58:HHTKJBGXB:1
c14b6ed2-c510-43c3-a600-5b011213b56f	SRR11798391	SRR11798391_LB	ILLUMINA	10X3v2	NovaSeq6000	KKD023N	NS500624:148:HVN2MBGX2:1
b1bd25c2-5b54-4d3e-a1bb-ef2666470c7e	SRR11798467	SRR11798467_LB	ILLUMINA	10X3v2	NextSeq500	DD046_ALI	NB502093:21:H33YWBGX5:2
946e71ee-d659-44f6-891f-37d820fb1f40	SRR11798451	SRR11798451_LB	ILLUMINA	10X3v2	NextSeq500	ND15656_ALI	NB502093:33:H32JKBGX5:1
1febc7cb-6c15-4932-8b93-b6c0e3456bbd	SRR11798382	SRR11798382_LB	ILLUMINA	10X3v2	NovaSeq6000	KKD022N	NS500624:148:HVN2MBGX2:4
7d7efbe2-2c51-4646-a7dd-46d74a0b338b	SRR11798480	SRR11798480_LB	ILLUMINA	Drop-seq	HiSeq4000	BG9_12	K00208:YBP040:1
14beb559-c475-4201-a609-9276c0111af4	SRR11798393	SRR11798393_LB	ILLUMINA	10X3v2	NovaSeq6000	KKD023N	NS500624:148:HVN2MBGX2:3
0208fc0b-0c3a-4182-bd14-65b716a8dcd9	SRR11798429	SRR11798429_LB	ILLUMINA	10X3v2	NextSeq500	ND17494	NB502093:58:HHTKJBGXB:3
32af6309-b380-4cde-9172-922ab5ed137e	SRR11798463	SRR11798463_LB	ILLUMINA	10X3v2	NextSeq500	DD046_ALI	NB502093:19:HMKMFBGX3:2
28945c62-6540-4319-bf4e-494488987960	SRR11798370	SRR11798370_LB	ILLUMINA	10X3v2	NovaSeq6000	KKD020N	NS500624:136:HCKW3BGX2:1
6187649e-58e2-4eb6-9d2e-bdd03aec61f1	SRR11798400	SRR11798400_LB	ILLUMINA	10X3v2	NovaSeq6000	KKD023N	NS500624:148:HVN2MBGX2:3
0e43b5fe-89ee-4c48-b838-8d77ec70122a	SRR11798284	SRR11798284_LB	ILLUMINA	Drop-seq	HiSeq4000	BG9_33	K00208:YAP064:1
5f5be8fd-5c25-4ba9-85a5-34393f4a5089	SRR11798343	SRR11798343_LB	ILLUMINA	10X3v2	NovaSeq6000	KKD019N	NS500624:134:HFFV2BGX2:1
996efbc8-a246-4c49-9fd7-aa51612694ee	SRR11798297	SRR11798297_LB	ILLUMINA	10X3v2	NovaSeq6000	cc04p	A00319:14:H7HTLDMXX:1
f445da66-6c6a-43f3-9496-45c8b4c9ca98	SRR11798287	SRR11798287_LB	ILLUMINA	Drop-seq	HiSeq4000	BG9_36	K00208:YAP064:1
c603522a-bb50-4613-a3bd-b7b4a6308919	SRR11798293	SRR11798293_LB	ILLUMINA	10X3v2	NovaSeq6000	cc04p	A00319:14:H7HTLDMXX:1
4692e81f-12c5-46f9-979e-3a0004925ba2	SRR11798416	SRR11798416_LB	ILLUMINA	10X3v2	NovaSeq6000	KKD024N	NS500624:148:HVN2MBGX2:3
718a5f80-2d23-44d9-8a66-098f0c8a0619	SRR11798336	SRR11798336_LB	ILLUMINA	10X3v2	NovaSeq6000	KKCFFT32N	A00319:12:H57GGDMXX:2
c9ad4a19-caa9-4f5b-a1ab-118fa9bac910	SRR11798419	SRR11798419_LB	ILLUMINA	10X3v2	NovaSeq6000	KKD024N	NS500624:148:HVN2MBGX2:2
ac2748a8-7464-45d6-9995-0cf943f216a9	SRR11798326	SRR11798326_LB	ILLUMINA	10X3v2	NovaSeq6000	dd49p	A00319:14:H7HTLDMXX:2
9d2565e8-24fb-4378-9a06-5644553929cc	SRR11798468	SRR11798468_LB	ILLUMINA	10X3v2	NextSeq500	DD046_ALI	NB502093:21:H33YWBGX5:3
5b574326-3656-46ec-9df6-a77003fcbdb4	SRR11798338	SRR11798338_LB	ILLUMINA	10X3v2	NovaSeq6000	KKCFFT32N	A00319:12:H57GGDMXX:2
49403063-3660-407d-a3bb-e8dc2d7edb0a	SRR11798321	SRR11798321_LB	ILLUMINA	10X3v2	NovaSeq6000	dd49p	A00319:15:H7K3FDMXX:2
20bb384b-fed1-4182-97d0-ed49a40311df	SRR11798325	SRR11798325_LB	ILLUMINA	10X3v2	NovaSeq6000	dd49p	A00319:14:H7HTLDMXX:1
697a4909-a25b-486f-9b63-674a61d0eb6f	SRR11798374	SRR11798374_LB	ILLUMINA	10X3v2	NovaSeq6000	KKD020N	NS500624:136:HCKW3BGX2:1
1f919faf-bbda-45eb-9712-48b2349a02c1	SRR11798482	SRR11798482_LB	ILLUMINA	Drop-seq	HiSeq4000	BG9_18	K00208:YBP040:1
e9074013-07a3-45c9-939e-9efd3edaebab	SRR11798302	SRR11798302_LB	ILLUMINA	10X3v2	NovaSeq6000	dd09p	A00284:36:H77CHDSXX:1
7f4b33e2-e530-4b28-ab3b-44f153a500a4	SRR11798418	SRR11798418_LB	ILLUMINA	10X3v2	NovaSeq6000	KKD024N	NS500624:148:HVN2MBGX2:1
1e9f957b-21db-461d-9f89-5856ff39e9ef	SRR11798341	SRR11798341_LB	ILLUMINA	10X3v2	NovaSeq6000	KKCFFT32N	A00319:12:H57GGDMXX:1
9c1cd9d8-630d-4cd2-815e-0f5cb3fe4e18	SRR11798359	SRR11798359_LB	ILLUMINA	10X3v2	NovaSeq6000	KKD020N	NS500624:136:HCKW3BGX2:1
da0f5353-a66c-45b2-98e5-024d80b6d713	SRR11798481	SRR11798481_LB	ILLUMINA	Drop-seq	HiSeq4000	BG9_13	K00208:YBP040:1
9a90e594-4732-4d35-b806-71b69af74edf	SRR11798342	SRR11798342_LB	ILLUMINA	10X3v2	NovaSeq6000	KKCFFT32N	A00319:12:H57GGDMXX:2
04e60dba-990e-4231-ad0b-3ae038910e11	SRR11798313	SRR11798313_LB	ILLUMINA	10X3v2	NovaSeq6000	dd39p	NS500624:159:H2H35BGX3:3
b211a221-d0f6-4edd-b42e-655d3e717404	SRR11798322	SRR11798322_LB	ILLUMINA	10X3v2	NovaSeq6000	dd49p	A00319:15:H7K3FDMXX:2
71d24a3c-e4ca-49ef-be72-ac71c4840a57	SRR11798350	SRR11798350_LB	ILLUMINA	10X3v2	NovaSeq6000	KKD019N	NS500624:134:HFFV2BGX2:4
eb46a2b1-62b7-4c7a-801f-b062c59773d2	SRR11798346	SRR11798346_LB	ILLUMINA	10X3v2	NovaSeq6000	KKD019N	NS500624:134:HFFV2BGX2:4
f71722b6-3a84-4321-bd73-a475192d94a5	SRR11798399	SRR11798399_LB	ILLUMINA	10X3v2	NovaSeq6000	KKD023N	NS500624:148:HVN2MBGX2:2
3bc66179-c7eb-43e6-bab9-0f8b4e19921e	SRR11798348	SRR11798348_LB	ILLUMINA	10X3v2	NovaSeq6000	KKD019N	NS500624:134:HFFV2BGX2:2
231e0a4a-9920-4e6f-8d42-cf21a254385f	SRR11798436	SRR11798436_LB	ILLUMINA	10X3v2	NextSeq500	ND16737	NB502093:40:HFKT3BGX9:2
22b28e7c-9373-460a-aec0-8cdb6122e4f6	SRR11798396	SRR11798396_LB	ILLUMINA	10X3v2	NovaSeq6000	KKD023N	NS500624:148:HVN2MBGX2:2
7f9f347f-1706-4293-8afc-230dfed9ed0b	SRR11798347	SRR11798347_LB	ILLUMINA	10X3v2	NovaSeq6000	KKD019N	NS500624:134:HFFV2BGX2:1
bdcaafe2-3d35-4c90-9594-0bcb2976a815	SRR11798425	SRR11798425_LB	ILLUMINA	10X3v2	NextSeq500	ND15989	NB502093:33:H32JKBGX5:3
5876c3c8-0403-407f-8521-d6ff3177e073	SRR11798441	SRR11798441_LB	ILLUMINA	10X3v2	NextSeq500	ND15656	NB502093:30:HMKHFBGX7:3
b3938256-6557-4209-a481-638e08e3513c	SRR11798305	SRR11798305_LB	ILLUMINA	10X3v2	NovaSeq6000	dd39p	NS500624:159:H2H35BGX3:2
33ae7787-7c07-41c4-b634-958f4115116f	SRR11798423	SRR11798423_LB	ILLUMINA	10X3v2	NextSeq500	ND15989	NB502093:33:H32JKBGX5:1
bde2379b-2c71-4c82-b770-42010cdea9af	SRR11798410	SRR11798410_LB	ILLUMINA	10X3v2	NovaSeq6000	KKD024N	NS500624:148:HVN2MBGX2:4
f1763e48-e24b-4a7e-83b8-fdfc59a7b5e8	SRR11798431	SRR11798431_LB	ILLUMINA	10X3v2	NextSeq500	CF301018	NB502093:35:H32FGBGX5:1
efe01f9b-1505-407a-9e11-26a87b281fd9	SRR11798383	SRR11798383_LB	ILLUMINA	10X3v2	NovaSeq6000	KKD022N	NS500624:148:HVN2MBGX2:2
bdcc78cc-d43a-4592-a393-aa3fc35a4f07	SRR11798392	SRR11798392_LB	ILLUMINA	10X3v2	NovaSeq6000	KKD023N	NS500624:148:HVN2MBGX2:2
f1d46289-3d11-442b-aa10-e1848c3bba9e	SRR11798278	SRR11798278_LB	ILLUMINA	Drop-seq	HiSeq4000	BG9_24	K00208:YBP053:2
92fe6a98-8e1e-427d-b550-0c5022a0b00e	SRR11798377	SRR11798377_LB	ILLUMINA	10X3v2	NovaSeq6000	KKD022N	NS500624:148:HVN2MBGX2:3
b3ab2475-fdf4-49f2-890a-e39d04c07e24	SRR11798485	SRR11798485_LB	ILLUMINA	Drop-seq	HiSeq4000	BG9_21	K00208:YAP064:1
711f85bb-4345-42df-ab79-20ca0e4cb014	SRR11798448	SRR11798448_LB	ILLUMINA	10X3v2	NextSeq500	ND15989_ALI	NB502093:35:H32FGBGX5:2
b42c5be2-b4cb-4834-b5e0-b0b1074a99d8	SRR11798474	SRR11798474_LB	ILLUMINA	10X3v2	NextSeq500	ND16932_ALI	NB502093:54:HC2KNBGXB:4
ecef474c-48fb-47d7-9386-f57b93a915e5	SRR11798306	SRR11798306_LB	ILLUMINA	10X3v2	NovaSeq6000	dd39p	NS500624:159:H2H35BGX3:3
05ec792e-8bb4-4f4b-bb4e-ab670133f471	SRR11798454	SRR11798454_LB	ILLUMINA	10X3v2	NextSeq500	ND15656_ALI	NB502093:33:H32JKBGX5:4
7cc1b862-43ba-45e3-80ff-92104de1aaff	SRR11798461	SRR11798461_LB	ILLUMINA	10X3v2	NextSeq500	DD046_ALI	NB502093:22:H3F5NBGX5:3
468d80af-9c33-4ab7-b435-5a2e49638d6d	SRR11798315	SRR11798315_LB	ILLUMINA	10X3v2	NovaSeq6000	dd39p	NS500624:159:H2H35BGX3:1
6a5020bc-3abe-45a5-b1f2-abeacf8aa643	SRR11798390	SRR11798390_LB	ILLUMINA	10X3v2	NovaSeq6000	KKD022N	NS500624:148:HVN2MBGX2:1
2a3d2ec4-cdeb-4bf9-bb3e-408bf2606e0a	SRR11798464	SRR11798464_LB	ILLUMINA	10X3v2	NextSeq500	DD046_ALI	NB502093:19:HMKMFBGX3:3
daa02cfc-b543-430b-979d-843714e013f6	SRR11798308	SRR11798308_LB	ILLUMINA	10X3v2	NovaSeq6000	dd39p	NS500624:159:H2H35BGX3:1
620aa0e3-7b3d-4250-b8ac-d22a4f409ac0	SRR11798329	SRR11798329_LB	ILLUMINA	10X3v2	NovaSeq6000	dd49p	A00319:14:H7HTLDMXX:1
91ca6a42-c24b-47b7-b320-f46b49aa3f66	SRR11798356	SRR11798356_LB	ILLUMINA	10X3v2	NovaSeq6000	KKD019N	NS500624:134:HFFV2BGX2:3
2fc40df2-82cb-4afb-8301-f52892b83824	SRR11798312	SRR11798312_LB	ILLUMINA	10X3v2	NovaSeq6000	dd39p	NS500624:159:H2H35BGX3:2
a16f948b-1d5d-4328-9ff6-4589a01bcdb3	SRR11798472	SRR11798472_LB	ILLUMINA	10X3v2	NextSeq500	ND16932_ALI	NB502093:54:HC2KNBGXB:2
93de3234-3ffb-4368-ae26-febd7b5f8bcc	SRR11798365	SRR11798365_LB	ILLUMINA	10X3v2	NovaSeq6000	KKD020N	NS500624:136:HCKW3BGX2:3
e35eac01-ce50-4590-aadc-df8f07976467	SRR11798334	SRR11798334_LB	ILLUMINA	10X3v3	NovaSeq6000	cf019	A00454:197:HLG7CDMXX:1
f4a9d115-8141-4365-86bb-d2cb1bdbf71f	SRR11798354	SRR11798354_LB	ILLUMINA	10X3v2	NovaSeq6000	KKD019N	NS500624:134:HFFV2BGX2:1
aa42bc82-5d53-4ac9-864c-8658ec322c21	SRR11798462	SRR11798462_LB	ILLUMINA	10X3v2	NextSeq500	DD046_ALI	NB502093:22:H3F5NBGX5:4
56134b06-6559-4083-bcfa-e267a7f347eb	SRR11798417	SRR11798417_LB	ILLUMINA	10X3v2	NovaSeq6000	KKD024N	NS500624:148:HVN2MBGX2:4
4c61edb1-013f-4df9-87f1-f5426f306566	SRR11798366	SRR11798366_LB	ILLUMINA	10X3v2	NovaSeq6000	KKD020N	NS500624:136:HCKW3BGX2:4
d140e49f-38f1-44f5-8e8e-18a9ff4cb0c7	SRR11798379	SRR11798379_LB	ILLUMINA	10X3v2	NovaSeq6000	KKD022N	NS500624:148:HVN2MBGX2:1
1f7999bb-0653-4a47-9621-604677128c60	SRR11798401	SRR11798401_LB	ILLUMINA	10X3v2	NovaSeq6000	KKD023N	NS500624:148:HVN2MBGX2:4
535ead7f-8f92-4216-9a08-204dbd489dcb	SRR11798310	SRR11798310_LB	ILLUMINA	10X3v2	NovaSeq6000	dd39p	NS500624:159:H2H35BGX3:3
27eff9c9-d644-4f9c-a941-8cb335372f01	SRR11798301	SRR11798301_LB	ILLUMINA	10X3v2	NovaSeq6000	cc05p	A00566:11:HC5NTDSXX:4
49727793-fcfc-49c9-af76-e2f09942334b	SRR11798486	SRR11798486_LB	ILLUMINA	Drop-seq	HiSeq4000	BG9_22	K00208:YAP064:1
7fdc0dd9-b38c-471a-a830-66111adf1f2c	SRR11798290	SRR11798290_LB	ILLUMINA	10X3v3	NovaSeq6000	cc01p	A00454:145:HL2N2DMXX:2
e63532bb-6658-46f7-b1c0-e0543ba7795b	SRR11798395	SRR11798395_LB	ILLUMINA	10X3v2	NovaSeq6000	KKD023N	NS500624:148:HVN2MBGX2:1
b9ece28c-7c56-4d60-b580-32f371ecf591	SRR11798453	SRR11798453_LB	ILLUMINA	10X3v2	NextSeq500	ND15656_ALI	NB502093:33:H32JKBGX5:3
20fb0c8b-9fe7-49ac-8dd1-9c52f1e9a614	SRR11798292	SRR11798292_LB	ILLUMINA	10X3v3	NovaSeq6000	cc02p	A00454:145:HL2N2DMXX:2
60bd1179-bcae-43d8-a6e0-b3c87ac9db34	SRR11798411	SRR11798411_LB	ILLUMINA	10X3v2	NovaSeq6000	KKD024N	NS500624:148:HVN2MBGX2:1
c398c7db-ec18-4914-90bd-6d6fd5d2ec3a	SRR11798316	SRR11798316_LB	ILLUMINA	10X3v2	NovaSeq6000	dd39p	NS500624:159:H2H35BGX3:2
63ab90e2-3384-4f4a-a23c-ab65081f177a	SRR11798478	SRR11798478_LB	ILLUMINA	Drop-seq	HiSeq4000	BG9_9	K00208:YBP040:1
b644ab04-8885-46ab-9f6f-9dd88a64ea75	SRR11798475	SRR11798475_LB	ILLUMINA	Drop-seq	HiSeq4000	BG9_2	K00208:YAP056:1
177824c0-c1ac-4926-b447-d9b1fce054bb	SRR11798435	SRR11798435_LB	ILLUMINA	10X3v2	NextSeq500	ND16737	NB502093:40:HFKT3BGX9:1
9179187c-effe-457f-a1a6-acce4bcc1d65	SRR11798473	SRR11798473_LB	ILLUMINA	10X3v2	NextSeq500	ND16932_ALI	NB502093:54:HC2KNBGXB:3
321c92cf-f177-43ad-aab5-f9197ffcb96b	SRR11798487	SRR11798487_LB	ILLUMINA	Drop-seq	HiSeq4000	BG9_23	K00208:YBP053:2
d8d508c5-ffd4-42ec-bc8d-1373165eded4	SRR11798422	SRR11798422_LB	ILLUMINA	10X3v2	NovaSeq6000	KKD024N	NS500624:148:HVN2MBGX2:1
7862d97b-6817-4b46-a852-1f0320495f7f	SRR11798439	SRR11798439_LB	ILLUMINA	10X3v2	NextSeq500	ND15656	NB502093:30:HMKHFBGX7:1
